app,DIR,DIR_TEST,ARQ_SRC,TEST_SRC,LINES_SRC,TestLINES_SRC,METH_SRC,testMETH_SRC,PCKG_SRC,TEST_PCKG,AS_Studio,Eclipse,XML,JS,HTML,CSS,H,C,CPP,RB,PY,SCALA,DIR_VALUES,DIR_LAYOUT,DIR_DRAWABLE,ARQ_DRAWABLE,ARQ_VALUES,ARQ_LAYOUT,INTSMALL,INTNORMAL,INTLARGE,INTXLARGE,INTLDPI,INTMDPI,INTHDPI,INTXDPI,INTXXDPI,INTXXXDPI,INTNODPI,isBlResizeable,isBlSmallScreens,isBlNormalScreens,isBlLargeScreens,isBlXlargeScreens,isBlAnyDensity,getIntRequiresSmallestWidthDp,getIntCompatibleWidthLimitDp,getIntLargestWidthLimitDp,getScreenSize,getScreenDensity,isReqFiveWayNav,isReqHardKeyboard,getReqKeyboardType,getReqNavigation,getReqTouchScreen,getMinSdkVersion,getTargetSdkVersion,getMaxSdkVersion,getIntPortrait,getIntLandscape,getNetworkState,getBluetooth,getBluetoothAdmin,getInternet,getChangeNetworkState,getChangeWifiState,getSrcAccelerometer,getSrcAmbient_temperature,getSrcGravity,getSrcGyroscope,getSrcLight,getSrcLinear_acceleration,getSrcMagnetic_field,getSrcOrientation,getSrcPressure,getSrcProximity,getSrcRelative_humidity,getSrcRotation_vector,getSrcTemperature,getSrcGpsLocation,getTesteAccelerometer,getTesteAmbient_temperature,getTesteGravity,getTesteGyroscope,getTesteLight,getTesteLinear_acceleration,getTesteMagnetic_field,getTesteOrientation,getTestePressure,getTesteProximity,getTesteRelative_humidity,getTesteRotation_vector,getTesteTemperature,getTesteGpsLocation,XMLgetStWifi,XMLgetStBluetooth,XMLgetStInternet,XMLgetStNetwork,XMLgetStLocation,XMLgetStAccess_gps,XMLgetStRecord_audio,getSrcConnected,getSrcGUI,getSrcResources,getSrcSensors,getSrcMultiple,getTesteConnected,getTesteGUI,getTesteResources,getTesteSensors,getTesteMultiple,getStandroid,getStjunit,getStrobolectric,getSthamcrest,getStfest,getStrobotium,getStselenium,getStespresso,getStuiautomator,getSteasymock,getStmock,getStmockito,getStmonkeyrunner,getStappium,getSttestng,getStjmeter,getStselendroid,getStFrameLayout,getStLinearLayout,getStTableLayout,getStGridLayout,getStRelativeLayout,getStTextView,getStButton,getStRadioButton,getStCheckBox,getStSwitch,getStToggleButton,getStImageView,getStProgressBar,getStSeekBar,getStRatingBar,getStSpinner,getStWebView,getStText,getStEditText,getStPersonName,getStPassword,getStPhone,getStMultilineText,getStNumber,getStRadioGroup,getStListView,getStGridView,getOnswipetouchlistener,getOndoubletaplistener,getOnscalegesturelistener,getShakelistener,getOndraglistener,getOnscrolllistener,XML_android:contentDescription,XML_android:screenOrientation,XML_android:inputType,XML_android:inputMethod,XML_android:phoneNumber,XML_android:password,XML_android:numeric,XML_android:digits,XML_android:autoText,XML_android:editable,XML_android:background,XML_android:textColor,XML_android:autoSizeTextType,XML_android:textSize,XML_android:textScaleX,XML_android:autoSizeMaxTextSize,XML_android:autoSizeMinTextSize,XML_android:autoSizePresetSizes,XML_android:lineSpacingMultiplier,XML_android:lineSpacingExtra,XML_android:letterSpacing,XML_android:animateLayoutChanges,XML_android:nextFocusForward,XML_android:nextFocusUp,XML_android:nextFocusDown,XML_android:nextFocusLeft,XML_android:nextFocusRight,XML_android:accessibilityPaneTitle,XML_android:accessibilityTraversalBefore,XML_android:accessibilityTraversalAfter,XML_android:accessibilityHeading,XML_android:cursorVisible,XML_androind:minWidth,XML_androind:minHeight,XML_androind:screenReaderFocusable,XML_androind:focusable,XML_android:hint,XML_android:labelFor,XML_android:accessibilityLiveRegion,XML_android:importantForAccessibility,XML_android:hapticFeedbackEnabled,SRC_setContentDescription,SRC_addCaptioningChangeListener,SRC_getFontScale,SRC_getLocale,SRC_getUserStyle,SRC_isEnabled,SRC_removeCaptioningChangeListener,SRC_setScreenOrientation,SRC_setInputType,SRC_setTransformationMethod,SRC_setAutoText,SRC_setEditable,SRC_setBackgroundColor,SRC_setTextColor,SRC_setAutoSizeTextTypeWithDefaults,SRC_setTextSize,SRC_setTextScaleX,SRC_setAutoSizeTextTypeUniformWithConfiguration,SRC_setAutoSizeTextTypeUniformWithPresetSizes,SRC_setLineSpacing,SRC_setLetterSpacing,SRC_setLayoutTransition,SRC_setNextFocusForwardId,SRC_setNextFocusUpId,SRC_setNextFocusDownId,SRC_setNextFocusLeftId,SRC_setNextFocusRightId,SRC_setAccessibilityPaneTitle,SRC_setAccessibilityTraversalBefore,SRC_setAccessibilityTraversalAfter,SRC_setAccessibilityHeading,SRC_setCursorVisible,SRC_setMinWidth,SRC_setMinHeight,SRC_setScreenReaderFocusable,SRC_setFocusable,SRC_setHint,SRC_setLabelFor,SRC_onInitializeAccessibilityNodeInfo,SRC_replaceAccessibilityAction,SRC_setAccessibilityLiveRegion,SRC_setImportantForAccessibility,SRC_setHapticFeedbackEnabled,SRC_sendAccessibilityEvent,SRC_sendAccessibilityEventUnchecked,SRC_dispatchPopulateAccessibilityEvent,SRC_onPopulateAccessibilityEvent,SRC_onRequestSendAccessibilityEvent,SRC_onBindViewHolder,TOTAL_ACC_ATTRIBUTES,ACTIVITIES,SCORE_ACC_NORMALIZED,XML_ATT,SRC_ATT,ATT_Perceivable,ATT_Operable,ATT_Understandable,ATT_Robust,score,genre,installs,androidVersion,AL-total_issues,AL-total_acc_issues,AL-GetContentDescriptionOverride,AL-ClickableViewAccessibility,AL-ContentDescription,AL-KeyboardInaccessibleWidget,AL-LabelFor,packagename,sessionID,activities_executed,states_visited,M-total_acc_issues,widgets,widgets_with_issues,M-NonTextContent,M-IdentifyInputPurpose,M-ContrastMinimum,M-TargetSize,M-DuplicateContentDescription,M-Spacing,M-UseOfColor,M-Orientation,M-PageTitled,exectime
10000sentences,25,11,68,3,5334,106,16884,336,14,2,4,0,0,0,0,0,0,0,0,0,0,0,3,1,2,7,7,16,0,0,0,0,0,0,0,0,0,0,0,1,1,1,-,-,1,-,-,-,0,0,0,0,0,0,0,0,0,0,-,-,0,0,0,0,0,0,0,0,0,0,0,0,0,0,0,0,0,0,0,0,0,0,0,0,0,0,0,0,0,0,0,0,0,0,0,0,0,0,0,0,0,1,0,0,0,1,0,0,0,0,0,0,1,0,0,0,0,0,0,0,0,0,0,0,0,0,0,0,0,39,1,0,4,51,16,0,0,0,0,1,0,0,0,0,1,0,0,0,0,0,0,0,0,5,0,-,-,-,-,-,-,0,0,0,0,0,0,0,0,0,0,5,36,0,33,0,0,0,0,0,0,0,0,0,0,0,0,0,0,0,0,0,0,0,0,0,0,0,0,0,0,0,0,0,0,0,0,0,0,0,1,0,0,0,0,2,0,2,0,0,0,0,0,0,0,0,0,0,0,0,0,0,0,0,0,0,0,0,0,1,0,0,0,0,0,0,0,0,0,0,0,80,10,8,74,6,79,1,0,0,4.32,Education,35037,4.4,105,5,0,0,1,0,4,info.puzz.a10000sentences.debug,1596123588,8,143,353,1341,338,11,2,319,9,0,0,0,8,4,1800050
activitydiary,15,515,41,65,6370,18703,14616,3402,12,49,2,0,602,0,0,0,0,0,0,0,0,0,24,1,6,2,49,20,0,0,0,0,0,1,1,1,1,1,0,1,1,1,-,-,1,-,-,-,0,0,0,0,0,0,0,0,0,0,-,-,0,0,0,0,0,0,0,0,0,0,0,0,0,0,0,0,0,0,0,1,0,0,0,0,0,0,0,0,0,0,0,0,0,0,0,0,0,0,0,0,0,0,0,0,0,1,0,0,0,0,1,0,1,1,0,0,0,0,0,0,0,0,0,0,0,0,0,0,2,20,0,0,3,21,4,0,1,0,0,8,0,0,0,1,0,0,0,0,0,0,0,0,0,1,0,-,-,-,-,-,-,13,0,3,0,0,0,0,0,0,0,6,1,0,14,0,0,0,0,0,0,0,0,0,0,0,0,0,0,0,0,0,0,0,0,0,0,2,0,0,0,0,1,0,0,0,0,0,0,0,0,0,0,0,6,5,0,1,0,0,0,0,0,0,0,0,0,0,0,0,0,0,0,0,0,0,0,0,0,0,0,0,0,0,0,0,0,0,0,0,3,55,11,5,39,16,50,0,2,3,3.8888888,Productivity,1766,5.0,93,2,0,0,1,0,1,de.rampro.activitydiary.debug,1596004458,7,129,137,631,117,14,0,91,12,0,11,0,5,4,1800806
aegis,22,14,118,6,10613,437,36120,840,19,2,2,0,3,0,0,0,0,0,0,0,0,0,20,1,21,37,25,27,0,0,0,0,1,1,1,1,1,1,0,1,1,1,-,-,1,-,-,-,0,0,0,0,0,0,0,0,0,0,-,-,0,0,0,0,0,0,0,0,0,0,0,0,0,0,0,0,0,0,0,0,0,0,0,0,0,0,0,0,0,0,0,0,0,0,0,0,0,0,0,0,0,1,0,0,1,1,0,0,0,0,0,0,1,0,1,0,0,0,1,0,0,0,0,0,0,0,0,0,1,69,2,0,14,69,3,3,4,0,0,31,2,0,0,0,1,0,0,0,0,0,0,0,1,0,0,-,-,-,-,-,-,0,0,8,0,0,0,0,0,0,0,32,39,0,24,0,0,0,0,0,1,0,0,0,0,0,0,0,0,0,0,0,0,0,0,0,0,10,0,0,9,0,0,0,0,2,0,0,0,0,1,2,0,0,4,0,0,0,0,0,0,0,0,0,0,0,0,0,0,0,0,0,0,0,0,0,0,2,2,0,0,0,0,0,0,0,0,0,0,0,4,140,12,11.666667,123,17,113,4,10,13,4.74,Tools,32682,5.0,191,23,0,0,21,0,2,com.beemdevelopment.aegis.debug,1595973027,8,63,131,564,111,55,4,36,24,0,2,0,7,3,1800876
aelf-dailyreadings,16,6,97,1,10377,9,32676,42,11,1,3,0,1,0,0,0,0,0,0,0,0,0,4,2,27,34,12,13,0,0,0,0,1,1,1,1,1,1,0,1,1,1,-,-,1,-,-,-,0,0,0,0,0,0,0,0,0,0,-,-,0,0,0,0,0,0,0,0,0,0,0,0,0,0,0,0,0,0,0,0,0,0,0,0,0,0,0,0,0,0,0,0,0,0,0,0,0,0,0,0,0,1,0,0,0,1,0,0,0,0,0,0,1,0,0,0,0,0,0,0,0,0,0,0,0,0,0,0,4,11,0,0,5,5,1,2,0,0,0,0,1,0,0,0,2,0,0,0,0,0,0,0,1,0,0,-,-,-,-,-,-,0,0,0,0,0,0,0,0,0,0,12,3,0,5,0,0,0,0,0,0,0,0,0,0,0,0,0,0,0,0,0,0,0,0,0,0,0,0,0,0,0,0,0,0,0,0,1,0,0,0,0,0,0,3,0,0,0,0,0,0,0,0,0,0,0,0,0,0,0,0,0,0,0,0,0,0,0,0,0,0,0,0,0,0,0,0,0,0,0,2,26,2,13,20,6,24,0,0,2,4.6431093,Lifestyle,431789,4.1,72,2,0,2,0,0,0,co.epitre.aelf_lectures,1595836286,2,94,193,545,156,11,0,79,92,0,7,0,2,2,1800796
androdns,6,0,16,0,1816,0,4662,0,2,1,2,0,0,0,0,0,0,0,0,0,0,0,2,1,15,15,5,6,0,0,0,0,1,1,1,1,1,1,0,1,1,1,-,-,1,-,-,-,0,0,0,0,0,0,0,0,0,0,-,-,0,0,0,0,0,0,0,0,0,0,0,0,0,0,0,0,0,0,0,0,0,0,0,0,0,0,0,0,0,0,0,0,0,0,0,0,0,0,0,0,0,1,0,0,0,1,0,0,0,0,0,0,0,0,0,0,0,0,0,0,0,0,0,0,0,0,0,0,0,12,1,0,0,38,1,0,10,0,0,0,0,0,0,3,0,0,0,0,0,0,0,0,0,2,0,-,-,-,-,-,-,1,0,10,0,0,0,0,0,0,0,3,0,0,0,0,0,0,0,0,0,0,0,0,0,0,0,0,0,0,0,0,0,0,0,0,0,3,0,0,0,0,0,0,0,0,0,0,0,0,0,0,0,0,0,0,0,0,0,0,0,0,0,0,0,0,0,0,0,0,0,0,0,0,0,0,0,0,0,0,0,0,0,0,0,0,0,0,0,0,0,17,4,4.25,17,0,14,0,3,0,4.4363637,Tools,17904,4.0.3,105,3,0,0,1,0,2,androdns.android.leetdreams.ch.androdns,1596020158,5,118,69,183,42,12,1,13,18,2,20,0,2,1,1800113
android-gotify,22,9,65,7,5341,243,21630,1596,16,2,3,0,2,0,0,0,0,0,0,0,0,0,3,1,6,10,8,10,0,0,0,0,0,1,1,1,1,1,0,1,1,1,-,-,1,-,-,-,0,0,0,0,0,0,0,0,0,0,-,-,0,0,0,0,0,0,0,0,0,0,0,0,0,0,0,0,0,0,0,0,0,0,0,0,0,0,0,0,0,0,0,0,0,0,0,0,0,0,0,0,0,1,0,0,0,1,1,0,0,0,1,0,1,0,0,0,0,0,0,0,0,0,0,0,0,0,0,0,1,5,0,0,0,10,6,0,1,0,0,4,2,0,0,1,0,0,0,0,0,0,0,0,0,0,0,-,-,-,-,-,-,5,0,6,0,0,0,0,1,0,0,3,4,0,6,0,0,0,0,0,0,0,0,0,0,0,0,0,0,0,0,0,0,0,0,0,0,6,0,0,0,0,0,0,0,0,0,1,0,0,0,0,0,0,0,0,0,0,0,0,0,0,0,0,0,0,0,0,0,0,0,0,0,0,0,0,0,0,0,0,0,0,0,0,0,0,0,0,0,0,1,33,6,5.5,31,2,26,0,6,1,4.6896553,Tools,3317,4.4,38,2,0,0,2,0,0,com.github.gotify,1596006273,3,11,11,68,8,2,0,1,4,0,0,0,2,2,1800821
android-gpsd-client,5,0,6,0,466,0,1512,0,2,1,2,0,0,0,0,0,0,0,0,0,0,0,1,1,19,4,3,1,0,0,0,0,1,1,1,1,1,1,0,1,1,1,-,-,1,-,-,-,0,0,0,0,0,0,0,0,0,0,-,-,0,0,0,0,0,0,0,0,0,0,0,0,0,0,0,0,0,0,0,1,0,0,0,0,0,0,0,0,0,0,0,0,0,0,0,0,0,0,0,0,0,1,0,0,1,0,0,0,0,0,0,0,0,0,0,0,0,0,0,0,0,0,0,0,0,0,0,0,1,2,0,0,0,2,1,0,0,0,0,0,0,0,0,0,0,0,0,0,0,0,0,0,0,0,0,-,-,-,-,-,-,0,0,1,0,0,0,0,0,0,0,0,2,0,1,0,0,0,0,0,0,0,0,0,0,0,0,0,0,0,0,0,0,0,0,0,0,2,0,0,0,0,0,0,0,0,0,0,0,0,0,0,0,0,0,0,0,0,0,0,0,0,0,0,0,0,0,0,0,0,0,0,0,0,0,0,0,0,0,0,0,0,0,0,0,0,0,0,0,0,0,6,1,6,6,0,4,0,2,0,0,Tools,1025,4.4,16,0,0,0,0,0,0,io.github.tiagoshibata.gpsdclient,1595822702,1,8,44,31,34,6,1,19,8,0,4,0,5,1,1804011
androidnetworktools,11,17,17,10,1380,282,4998,1512,6,3,3,0,1,0,0,0,0,0,0,0,0,0,3,1,0,0,6,2,0,0,0,0,0,0,0,0,0,0,0,1,1,1,-,-,1,-,-,-,0,0,0,0,0,0,0,0,0,0,-,-,0,0,0,0,0,0,0,0,0,0,0,0,0,0,0,0,0,0,0,0,0,0,0,0,0,0,0,0,0,0,0,0,0,0,0,0,0,0,0,0,0,1,0,0,0,0,1,0,0,0,1,1,1,0,0,0,0,0,1,0,0,0,0,0,0,0,0,0,0,5,0,0,0,1,4,0,0,0,0,0,0,0,0,0,0,0,0,0,0,0,0,0,0,0,0,-,-,-,-,-,-,0,0,1,0,0,0,0,0,0,0,1,0,0,0,0,0,0,0,0,0,0,0,0,0,0,0,0,0,0,0,0,0,0,0,0,0,1,0,0,0,0,0,0,0,0,0,0,0,0,0,0,0,0,0,0,0,0,0,0,0,0,0,0,0,0,0,0,0,0,0,0,0,0,0,0,0,0,0,0,0,0,0,0,0,0,0,0,0,0,0,3,1,3,3,0,2,0,1,0,4.285714,Tools,4177,4.0,17,0,0,0,0,0,0,com.stealthcotper.networktools,1595980479,2,3,15,46,13,1,0,5,2,0,5,0,2,0,1803868
androidplanisphere,5,13,24,2,3443,236,8400,714,3,2,2,0,2,0,0,0,0,0,0,0,0,0,6,1,0,0,12,5,0,0,0,0,0,0,0,0,0,0,0,1,1,1,-,-,1,-,-,-,0,0,0,0,0,0,0,0,0,0,-,-,0,0,0,0,0,0,0,0,0,0,0,0,0,0,0,0,0,0,0,1,0,0,0,0,0,0,0,0,0,0,0,0,0,0,0,0,0,0,0,0,0,0,0,0,1,1,0,0,0,0,0,0,1,0,0,0,0,0,0,0,0,0,0,0,0,0,0,0,0,3,0,0,0,3,1,0,4,0,0,0,0,0,0,1,0,0,0,0,0,0,0,0,0,0,0,-,-,-,-,-,-,0,0,2,0,0,0,0,0,0,0,1,0,0,0,0,0,0,0,0,0,0,0,0,0,0,0,0,0,0,0,0,0,0,0,0,0,2,0,0,0,0,0,0,0,0,0,1,0,0,0,0,0,0,0,0,0,1,0,0,0,0,0,0,0,0,0,0,0,0,0,0,0,0,0,0,0,0,0,0,0,0,0,0,0,0,0,0,0,0,0,7,1,7,5,2,5,0,2,0,0,Education,2,4.0.3,8,1,0,1,0,0,0,org.tengel.planisphere,1595997185,2,49,102,243,97,2,0,19,78,0,0,0,1,2,1800685
anlinux-adfree,4,12,10,2,3468,24,1932,84,2,2,2,0,2,0,0,0,0,0,0,0,0,0,3,1,8,5,6,22,0,0,0,0,0,1,1,1,1,1,0,1,1,1,-,-,1,-,-,-,0,0,0,0,0,0,0,0,0,0,-,-,0,0,0,0,0,0,0,0,0,0,0,0,0,0,0,0,0,0,0,0,0,0,0,0,0,0,0,0,0,0,0,0,0,0,0,0,0,0,0,0,0,0,0,0,0,0,0,0,0,0,0,0,1,0,0,0,0,0,0,0,0,0,0,0,0,0,0,0,0,0,0,0,28,34,26,0,44,0,0,1,0,0,0,0,0,0,0,0,0,0,0,0,0,0,0,-,-,-,-,-,-,0,0,0,0,0,0,0,0,0,0,1,0,0,7,0,0,0,0,0,0,0,0,0,0,0,0,0,0,0,0,0,0,0,0,0,0,0,0,0,0,0,0,0,0,0,0,0,0,0,0,0,0,0,0,0,0,0,0,0,0,0,0,0,0,0,0,0,0,0,0,0,0,0,0,0,0,0,0,0,0,0,0,0,0,0,0,0,0,0,0,8,1,8,8,0,8,0,0,0,3.9849625,Tools,453101,5.0,83,0,0,0,0,0,0,exa.lnx.a,1595974887,2,90,40,154,35,2,0,19,16,0,0,0,2,1,1800361
applock,30,2,76,0,6683,0,24234,0,20,1,3,0,2,0,0,0,0,0,0,0,0,0,3,2,33,35,10,26,0,0,0,0,1,1,1,1,1,1,0,1,1,1,-,-,1,-,-,-,0,0,0,0,0,0,0,0,0,0,-,-,0,0,0,0,0,0,0,0,0,0,0,0,0,0,0,0,0,0,0,0,0,0,0,0,0,0,0,0,0,0,0,0,0,0,0,0,0,0,0,0,0,1,0,0,0,1,0,0,0,0,0,0,0,0,0,0,0,0,0,0,0,0,0,0,0,0,0,0,1,17,0,0,19,40,1,0,9,0,0,21,0,0,0,0,0,0,0,0,0,0,0,0,0,0,0,-,-,-,-,-,-,0,0,0,0,0,0,0,0,0,0,41,32,0,32,0,0,0,0,0,0,0,0,0,0,0,0,0,0,0,0,0,0,0,0,0,0,2,0,0,0,0,1,0,0,0,0,1,0,0,0,0,0,0,2,0,0,0,0,0,0,0,0,0,0,0,0,0,0,0,0,0,0,0,0,0,0,0,0,0,0,0,0,0,0,1,0,0,0,0,3,115,2,57.5,107,8,109,0,3,3,4,Tools,4410,4.0.3,176,22,0,1,21,0,0,io.github.subhamtyagi.privacyapplock,1596082681,1,3,12,13,10,4,0,5,1,0,0,0,1,1,1800438
archpackages,15,0,39,0,2317,0,8610,0,11,1,2,0,0,0,0,0,0,0,0,0,0,0,3,1,2,3,10,23,0,0,0,0,0,0,0,0,0,0,0,1,1,1,-,-,1,-,-,-,0,0,0,0,0,0,0,0,0,0,-,-,0,0,0,0,0,0,0,0,0,0,0,0,0,0,0,0,0,0,0,0,0,0,0,0,0,0,0,0,0,0,0,0,0,0,0,0,0,0,0,0,0,1,0,0,0,1,0,0,0,0,0,0,0,0,0,0,0,0,0,0,0,0,0,0,0,0,0,0,2,15,0,0,0,49,1,6,9,0,0,0,2,0,0,0,0,0,0,0,0,0,0,0,2,0,0,-,-,-,-,-,-,0,0,1,0,0,0,0,0,0,0,22,7,0,0,0,0,0,0,0,0,0,0,0,0,0,0,0,0,0,0,0,0,0,0,0,0,1,0,0,0,0,0,0,0,0,0,0,0,0,0,0,0,0,0,0,0,0,0,0,0,0,0,0,0,0,0,0,0,0,0,0,0,0,0,0,0,0,0,0,0,0,0,0,0,0,0,0,0,0,3,34,1,34,31,3,30,0,1,3,4.827586,Productivity,4929,4.1,7,0,0,0,0,0,0,com.rascarlo.arch.packages,1595981081,1,155,56,869,49,23,0,8,20,0,3,0,1,1,1801661
atalk-android,393,4,2258,0,250192,0,817446,0,283,1,3,0,2,0,0,0,0,0,0,0,0,0,30,12,18,156,66,396,0,0,0,0,0,1,1,1,1,0,1,1,1,1,-,-,1,-,-,-,0,0,0,0,0,0,0,0,0,0,-,-,0,0,0,0,0,0,0,0,0,0,0,0,0,1,0,1,0,0,0,1,0,0,0,0,0,0,0,0,0,0,0,0,0,0,0,0,0,0,0,0,0,1,1,0,1,1,0,0,0,0,0,0,0,0,0,0,0,0,0,0,0,0,0,0,0,0,0,0,0,963,6,0,189,1212,345,3,207,0,21,240,21,18,0,78,12,0,0,0,0,0,0,0,0,27,0,-,-,-,-,-,-,75,0,126,0,0,0,0,0,0,3,270,171,0,42,0,0,0,0,0,0,0,3,0,0,0,0,0,0,0,0,0,0,0,0,0,0,117,0,0,0,0,1,0,0,8,0,32,0,0,3,0,0,4,9,10,0,5,0,0,0,0,0,0,0,0,0,0,0,0,0,0,0,1,0,0,0,5,4,1,0,0,0,0,0,0,0,0,0,0,1,891,52,17.134615,807,84,759,14,117,1,3.7777777,Communication,5097,5.0,1765,148,0,6,84,4,54,org.atalk.android,1596018222,15,87,231,649,179,69,4,61,87,0,0,0,5,5,1802089
authorizer,27,11,183,13,28286,1875,70476,3738,13,2,3,0,2,0,0,0,0,0,0,0,0,0,15,2,19,2,22,41,0,0,0,0,1,1,1,1,1,1,0,1,1,1,-,-,1,-,-,-,0,0,0,0,0,0,0,0,0,0,-,-,0,0,0,0,0,0,0,0,0,0,0,0,0,0,0,0,0,0,0,0,0,0,0,0,0,0,0,0,0,0,0,0,0,0,0,0,0,0,0,0,0,1,0,0,1,1,0,0,0,0,1,0,1,0,1,0,0,0,1,0,0,0,0,0,0,0,0,0,7,74,5,0,20,142,24,6,14,0,1,7,4,1,0,6,0,0,0,0,0,0,0,0,3,9,0,-,-,-,-,-,-,13,0,27,0,0,0,0,1,0,0,2,6,0,19,0,0,0,0,0,0,0,0,0,0,0,0,0,0,0,0,0,0,0,0,0,0,19,0,0,9,0,0,0,0,0,0,7,0,0,1,0,0,0,1,1,0,1,0,0,0,0,0,0,0,0,0,0,0,0,0,0,0,0,0,0,0,0,0,0,0,0,0,0,0,0,0,0,0,0,6,113,7,16.142857,96,17,79,0,19,15,0,Tools,827,5.0,224,23,0,4,1,10,8,net.tjado.passwdsafe,1596120766,3,72,34,723,26,4,2,15,8,0,0,0,3,2,1801631
c-beam-droid,26,10,91,2,8255,24,26334,84,15,2,2,0,0,0,0,0,0,0,0,0,0,0,8,1,4,1,14,34,0,0,0,0,1,1,1,1,0,0,0,1,1,1,-,-,1,-,-,-,0,0,0,0,0,0,0,0,0,0,-,-,0,0,0,0,0,0,1,1,1,1,1,1,1,0,0,0,0,0,0,0,0,0,0,0,0,0,0,0,0,0,0,0,0,0,0,0,0,0,0,0,0,1,0,0,1,1,0,0,0,0,0,0,1,0,0,0,0,0,0,0,0,0,0,0,0,0,0,0,7,22,6,0,30,30,41,0,0,0,14,3,1,0,0,0,4,0,0,0,0,0,0,0,0,4,0,-,-,-,-,-,-,7,0,4,0,0,0,0,0,0,0,38,6,0,12,0,0,0,0,0,0,0,0,0,0,0,0,0,0,0,0,0,0,0,0,0,0,6,0,0,0,0,0,0,0,0,0,0,0,0,0,0,0,0,3,6,0,3,0,0,0,0,0,0,0,0,0,0,0,0,0,0,0,0,0,0,0,1,0,0,0,0,0,0,5,0,0,0,0,0,0,91,23,3.9565217,73,18,79,1,11,0,4.875,Personalization,1215,5.0,473,10,0,5,3,0,2,org.c_base.c_beam,1595888021,11,98,149,967,114,13,4,70,42,0,0,0,11,9,1803993
calculator-notification,4,0,5,0,423,0,1092,0,2,1,2,0,0,0,0,0,0,0,0,0,0,0,1,1,19,12,5,2,0,0,0,0,1,1,1,1,1,1,0,1,1,1,-,-,1,-,-,-,0,0,0,0,0,0,0,0,0,0,-,-,0,0,0,0,0,0,0,0,0,0,0,0,0,0,0,0,0,0,0,0,0,0,0,0,0,0,0,0,0,0,0,0,0,0,0,0,0,0,0,0,0,0,0,0,0,0,0,0,0,0,0,0,0,0,0,0,0,0,0,0,0,0,0,0,0,0,0,0,3,11,0,0,0,38,0,0,0,0,0,6,0,0,0,0,0,0,0,0,0,0,0,0,0,0,0,-,-,-,-,-,-,0,0,0,0,0,0,0,0,0,0,52,2,0,0,0,0,0,0,0,0,0,0,0,0,0,0,0,0,0,0,0,0,0,0,0,0,0,0,0,0,0,0,0,0,0,0,0,0,0,0,0,0,0,0,0,0,0,0,0,0,0,0,0,0,0,0,0,0,0,0,0,0,0,0,0,0,0,0,0,0,0,0,0,0,0,0,0,0,0,0,54,1,54,54,0,54,0,0,0,4.3055553,Tools,1700,4.1,13,6,0,0,6,0,0,com.tananaev.calculator,1596024037,1,1,3,19,3,0,0,1,1,0,0,0,1,0,1800628
calliope-android-app,22,5,47,1,6333,8,14574,0,13,1,3,0,0,0,0,0,0,0,0,0,0,0,4,2,5,26,10,21,0,0,0,0,0,1,1,1,0,0,0,1,1,1,-,-,1,-,-,-,0,0,0,0,0,0,0,0,0,0,-,-,0,0,0,0,0,0,0,0,0,0,0,0,0,0,0,0,0,0,0,1,0,0,0,0,0,0,0,0,0,0,0,0,0,0,0,0,0,0,0,0,0,1,0,0,0,1,0,0,0,0,0,1,0,0,0,0,0,0,0,0,0,0,0,0,0,0,0,0,0,6,0,0,0,28,6,0,0,0,0,24,2,0,0,0,0,0,0,0,0,0,0,0,0,1,0,-,-,-,-,-,-,0,0,0,0,0,0,0,0,0,0,15,17,0,15,0,0,0,0,0,0,0,0,0,0,0,0,0,0,0,0,0,0,0,0,0,0,0,0,0,0,0,0,0,0,0,0,3,0,0,1,0,0,0,0,0,0,0,0,0,0,0,0,0,0,0,0,0,0,0,0,0,0,0,0,0,0,0,0,0,0,0,0,0,0,0,0,0,0,0,1,52,9,5.7777777,47,5,51,0,0,1,2.8235295,Education,3381,4.3,108,18,0,0,18,0,0,cc.calliope.mini,1596287268,6,120,522,1027,443,28,0,322,166,0,0,0,4,2,1800407
contentblocker,20,10,62,2,5185,17,20748,42,1,2,2,0,0,0,0,0,0,0,0,0,0,0,39,1,34,45,45,26,0,0,0,0,1,1,1,1,1,1,0,1,1,1,-,-,1,-,-,-,0,0,0,0,0,0,0,0,0,0,-,-,0,0,0,0,0,0,0,0,0,0,0,0,0,0,0,0,0,0,0,0,0,0,0,0,0,0,0,0,0,0,0,0,0,0,0,0,0,0,0,0,0,1,0,0,1,1,0,0,0,0,0,0,0,0,0,0,0,0,0,0,0,0,0,0,0,0,0,0,0,74,1,0,2,81,11,0,5,0,0,39,0,0,0,0,0,0,0,0,0,0,0,0,0,3,0,-,-,-,-,-,-,3,0,2,0,0,0,0,0,0,0,12,46,0,34,0,0,0,0,0,0,0,0,0,0,0,0,0,0,0,0,0,2,0,0,0,0,1,0,0,0,0,0,0,0,1,0,4,0,0,0,0,0,0,0,3,0,1,0,0,0,0,0,0,0,0,0,0,0,0,0,0,0,0,0,0,0,0,2,0,0,0,0,0,0,0,0,0,0,0,0,111,8,13.875,100,11,106,4,1,0,4.420058,Tools,6782168,5.0,207,23,0,0,21,0,2,com.adguard.android.contentblocker,1595971201,2,6,23,79,21,13,0,6,0,0,1,0,1,2,1800202
darkcroc-android-theme,5,0,6,0,310,0,840,0,2,1,2,0,0,0,0,0,0,0,0,0,0,0,59,1,103,90,129,2,0,0,0,0,0,1,1,1,1,1,1,1,1,1,-,-,1,-,-,-,0,0,0,0,0,0,0,0,0,0,-,-,0,0,0,0,0,0,0,0,0,0,0,0,0,0,0,0,0,0,0,0,0,0,0,0,0,0,0,0,0,0,0,0,0,0,0,0,0,0,0,0,0,0,0,0,0,0,0,0,0,0,0,0,0,0,0,0,0,0,0,0,0,0,0,0,0,0,0,0,0,2,0,0,0,0,1,0,0,0,0,0,0,0,0,0,2,0,0,0,0,0,0,0,0,0,0,-,-,-,-,-,-,0,0,0,0,0,0,0,0,0,0,0,0,0,0,0,0,0,0,0,0,0,0,0,0,0,0,0,0,0,0,0,0,0,0,0,0,0,0,0,0,0,0,0,0,0,0,0,0,0,0,0,0,0,2,0,0,0,0,0,0,0,0,0,0,0,0,0,0,0,0,0,0,0,0,0,0,0,0,0,0,0,0,0,0,0,0,0,0,0,0,2,2,1,0,2,2,0,0,0,4.25,Personalization,18377,VARY,10,0,0,0,0,0,0,de.spiritcroc.darkcroc.substratum,1595871357,2,6,11,48,11,1,0,2,6,0,0,0,2,0,1800445
dash-wallet,17,684,29,116,2259,65299,9660,1890,7,49,6,0,343,0,0,0,0,0,0,0,0,0,107,5,66,332,192,80,0,0,0,0,1,1,1,1,1,1,0,1,1,1,-,-,1,-,-,-,0,0,0,0,0,0,0,0,0,0,-,-,0,0,0,0,0,0,0,0,0,0,0,0,0,0,0,0,0,0,0,0,0,0,0,0,0,0,0,0,0,0,0,0,0,0,0,0,0,0,0,0,0,1,0,0,0,1,1,0,0,0,0,0,1,0,0,0,0,0,1,0,0,0,0,0,0,0,0,0,23,111,0,0,22,128,20,2,0,0,0,30,6,0,0,1,0,0,0,0,0,0,0,0,1,2,0,-,-,-,-,-,-,8,0,16,0,0,0,0,0,0,0,50,49,0,54,0,0,0,0,0,0,0,1,0,0,0,0,0,0,0,0,0,0,0,0,0,0,17,0,0,0,0,0,0,0,0,0,1,0,0,1,0,0,0,0,1,0,1,0,0,0,0,0,0,1,0,1,0,0,0,0,0,0,0,0,0,0,0,2,0,0,0,0,0,0,0,0,0,0,0,0,203,1,203,195,8,183,3,17,0,4,Finance,352399,4.4,732,20,0,0,16,0,4,de.schildbach.wallet.integration.sample,1595986579,2,5,2,40,2,0,0,2,0,0,0,0,0,0,1803512
defaultdarktheme-oms,5,0,5,0,310,0,798,0,2,1,2,0,0,0,0,0,0,0,0,0,0,0,97,1,149,280,185,2,0,0,0,0,0,1,1,1,1,1,1,1,1,1,-,-,1,-,-,-,0,0,0,0,0,0,0,0,0,0,-,-,0,0,0,0,0,0,0,0,0,0,0,0,0,0,0,0,0,0,0,0,0,0,0,0,0,0,0,0,0,0,0,0,0,0,0,0,0,0,0,0,0,0,0,0,0,0,0,0,0,0,0,0,0,0,0,0,0,0,0,0,0,0,0,0,0,0,0,0,0,2,0,0,0,0,2,0,0,0,0,0,0,0,0,0,2,0,0,0,0,0,0,0,0,0,0,-,-,-,-,-,-,0,0,0,0,0,0,0,0,0,0,0,0,0,0,0,0,0,0,0,0,0,0,0,0,0,0,0,0,0,0,0,0,0,0,0,0,0,0,0,0,0,0,0,0,0,0,0,0,0,0,0,0,0,2,0,0,0,0,0,0,0,0,0,0,0,0,0,0,0,0,0,0,0,0,0,0,0,0,0,0,0,0,0,0,0,0,0,0,0,0,2,2,1,0,2,2,0,0,0,2.7142856,Personalization,369985,7.0,5,0,0,0,0,0,0,de.spiritcroc.defaultdarktheme_oms,1596148729,2,19,31,147,30,0,0,9,21,0,0,0,1,0,1803921
democracy-client,330,1237,957,116,80548,13805,306222,47208,146,35,39,0,4,0,0,0,16,0,19,0,0,0,100,3,13,3,120,7,0,0,0,0,0,1,1,1,1,1,0,1,1,1,-,-,1,-,-,-,0,0,0,0,0,0,0,0,0,0,-,-,0,0,0,0,0,0,1,0,0,0,0,0,0,0,0,0,0,0,0,1,0,0,0,0,0,0,0,0,0,0,0,0,0,0,0,0,0,0,0,0,0,1,0,1,1,1,1,0,0,0,1,1,1,1,0,1,0,0,0,0,0,1,1,0,0,0,0,0,0,6,0,0,0,6,3,0,0,0,0,0,1,0,0,0,0,0,0,0,0,0,0,0,0,1,0,-,-,-,-,-,-,0,0,0,0,0,0,0,0,0,0,3,4,0,4,0,0,0,0,0,1,0,0,0,0,0,0,0,0,0,0,0,0,0,0,0,0,0,0,0,0,0,2,0,1,0,0,8,0,0,4,0,0,2,19,4,0,8,0,0,0,3,7,0,1,1,1,1,1,0,0,0,0,1,5,5,0,4,4,0,1,0,2,2,0,5,0,1,0,0,0,105,2,52.5,12,93,75,20,9,1,4.3846154,Education,84866,4.1,8,0,0,0,0,0,0,com.sha256example,1596225639,2,15,14,114,8,2,1,5,2,0,0,0,2,2,1802110
diaguard,102,41,408,46,35424,2402,100128,7308,94,25,3,0,2,0,0,0,0,0,0,0,0,0,16,1,22,28,35,64,0,0,0,0,0,1,1,1,1,1,0,1,1,1,-,-,1,-,-,-,0,0,0,0,0,0,0,0,0,0,-,-,0,0,0,0,0,0,0,0,0,0,0,0,0,0,0,0,0,0,0,0,0,0,0,0,0,0,0,0,0,0,0,0,0,0,0,0,0,0,0,0,0,1,1,0,1,1,0,0,0,1,1,0,1,1,1,0,0,0,1,0,0,0,0,0,0,0,0,0,17,94,3,0,0,99,7,0,0,0,0,45,4,0,0,5,0,0,0,0,0,0,0,0,0,1,0,-,-,-,-,-,1,52,0,19,0,0,0,0,0,0,0,37,56,0,15,0,0,0,0,0,0,0,3,0,0,0,0,0,0,0,0,0,0,0,0,0,0,18,0,0,0,0,3,0,0,4,0,2,0,0,2,0,0,0,8,13,0,2,0,0,0,0,0,0,0,0,0,0,0,0,0,0,0,0,0,0,0,0,8,0,0,0,0,0,0,0,0,0,0,0,14,256,15,17.066668,200,56,213,11,18,14,4.48,Medical,20572,4.1,196,3,0,3,0,0,0,com.faltenreich.diaguard,1596214513,5,151,219,1334,203,46,0,125,42,0,0,0,3,3,1801303
diceware-pass-gen,4,10,10,2,970,17,2142,42,2,2,2,0,0,0,0,0,0,0,0,0,0,0,3,1,6,0,6,7,0,0,0,0,1,1,1,1,1,1,0,1,1,1,-,-,1,-,-,-,0,0,0,0,0,0,0,0,0,0,-,-,0,0,0,0,0,0,0,0,0,0,0,0,0,0,0,0,0,0,0,0,0,0,0,0,0,0,0,0,0,0,0,0,0,0,0,0,0,0,0,0,0,0,0,0,0,0,0,0,0,0,0,1,1,0,0,0,0,0,0,0,0,0,0,0,0,0,0,0,0,7,1,0,1,36,3,7,1,0,0,0,0,1,0,0,0,0,0,0,0,0,0,0,2,0,0,-,-,-,-,-,-,6,0,0,0,0,0,0,0,0,0,9,3,0,2,0,0,0,0,0,0,0,0,0,0,0,0,0,0,0,0,0,0,0,0,0,0,0,0,0,0,0,0,0,0,0,0,0,0,0,0,0,0,0,0,0,0,0,0,0,0,0,0,0,0,0,0,0,0,0,0,0,0,0,0,0,0,0,0,0,0,0,0,0,0,0,0,0,0,0,0,20,3,6.6666665,20,0,20,0,0,0,4.8636365,Tools,2429,4.0.3,24,0,0,0,0,0,0,com.aptasystems.dicewarepasswordgenerator,1595664486,4,45,29,195,21,0,0,6,13,0,8,0,1,1,1801789
dokuwikiandroid,9,18,51,19,4075,1044,11004,2814,7,6,2,0,2,0,0,0,0,0,0,0,0,0,2,1,4,14,6,7,0,0,0,0,1,0,0,0,0,0,0,1,1,1,-,-,1,-,-,-,0,0,0,0,0,0,0,0,0,0,-,-,0,0,0,0,0,0,0,0,0,0,0,0,0,0,0,0,0,0,0,0,0,0,0,0,0,0,0,0,0,0,0,0,0,0,0,0,0,0,0,0,0,1,0,0,0,1,1,0,0,0,0,0,1,0,0,0,0,0,0,0,0,0,1,0,0,0,0,0,0,1,0,0,0,2,0,0,0,0,0,1,0,0,0,0,1,0,0,0,0,0,0,0,0,0,0,-,-,-,-,-,-,1,0,0,0,0,0,0,0,0,0,2,0,0,0,0,0,0,0,0,0,0,0,0,0,0,0,0,0,0,0,0,0,0,0,0,0,0,0,0,0,0,0,0,0,0,0,0,0,0,0,0,0,0,0,0,0,0,0,0,0,0,0,0,0,0,0,0,0,0,0,0,0,0,0,0,0,0,0,0,0,0,0,0,0,0,0,0,0,0,0,3,3,1,3,0,3,0,0,0,3.4285715,Tools,940,4.0.3,62,1,0,0,0,0,1,com.fabienli.dokuwiki,1595840087,4,42,53,153,46,8,1,28,11,0,0,0,4,1,1800637
download-navi,32,26,141,16,17189,1793,55776,3822,29,8,2,0,3,0,0,0,0,0,0,0,0,0,26,1,8,75,40,35,0,0,0,0,0,1,1,1,1,1,0,1,1,1,-,-,1,-,-,-,0,0,0,0,0,0,0,0,0,0,-,-,0,0,0,0,0,0,0,0,0,0,0,0,0,0,0,0,0,0,0,0,0,0,0,0,0,0,0,0,0,0,0,0,0,0,0,0,0,0,0,0,0,1,0,0,0,1,1,0,0,0,0,0,1,1,0,1,0,0,0,0,0,0,0,0,0,0,0,0,6,20,0,0,23,48,0,0,6,0,0,8,2,0,0,1,1,0,0,0,0,0,0,0,0,0,0,-,-,-,-,-,-,20,0,15,0,0,0,0,0,0,0,34,2,0,1,0,0,0,0,0,0,0,0,0,0,1,0,0,0,0,0,0,0,0,0,0,0,14,0,0,0,0,1,0,0,0,0,3,0,0,0,0,0,0,2,1,0,0,0,0,0,0,0,0,0,0,0,0,0,0,0,0,0,0,0,0,0,0,0,0,0,0,0,0,0,0,0,0,0,0,3,97,12,8.083333,87,10,79,1,14,3,3.93,Tools,66500,4.4,85,2,0,1,1,0,0,com.tachibana.downloader,1596203363,7,188,896,1532,694,58,3,286,537,0,4,0,4,4,1802502
dsaassistant,5,6,7,6,1585,164,1764,504,2,2,2,0,0,0,0,0,0,0,0,0,0,0,2,1,1,1,5,7,0,0,0,0,0,0,0,0,0,0,0,1,1,1,-,-,1,-,-,-,0,0,0,0,0,0,0,0,0,0,-,-,0,0,0,0,0,0,0,0,0,0,0,0,0,0,0,0,0,0,0,0,0,0,0,0,0,0,0,0,0,0,0,0,0,0,0,0,0,0,0,0,0,0,0,0,0,0,0,0,0,0,1,0,1,0,0,0,0,0,1,0,0,0,0,0,0,0,0,0,0,39,0,0,0,36,25,0,0,0,0,12,0,7,0,2,0,0,0,0,0,0,0,0,0,1,0,-,-,-,-,-,-,12,0,14,0,0,0,0,0,0,0,24,41,0,73,0,0,0,0,0,0,0,0,0,0,12,0,0,0,0,0,0,0,0,0,0,0,14,0,0,0,0,0,0,0,0,0,0,0,0,3,0,0,0,0,3,0,0,0,0,0,0,0,0,0,0,0,0,0,0,0,0,0,0,0,0,0,0,1,0,0,0,0,0,0,0,0,0,0,0,0,197,7,28.142857,190,7,170,13,14,0,4.3636365,Entertainment,2748,4.0.3,156,4,0,0,0,4,0,eu.roggstar.luigithehunter.dsaassistent,1595856999,8,54,127,322,84,16,0,54,23,13,13,0,3,5,1800465
exodus-android-app,10,12,21,2,2398,24,6006,84,7,2,2,0,0,0,0,0,0,0,0,0,0,0,8,1,17,21,11,9,0,0,0,0,1,1,1,1,1,1,0,1,1,1,-,-,1,-,-,-,0,0,0,0,0,0,0,0,0,0,-,-,0,0,0,0,0,0,0,0,0,0,0,0,0,0,0,0,0,0,0,0,0,0,0,0,0,0,0,0,0,0,0,0,0,0,0,0,0,0,0,0,0,1,0,0,0,1,0,0,0,0,0,0,1,0,0,0,0,0,0,0,0,0,0,0,0,0,0,0,3,6,0,0,3,55,0,0,0,0,0,5,3,0,0,0,0,0,0,0,0,0,0,0,0,0,0,-,-,-,-,-,-,1,0,0,0,0,0,0,0,0,0,6,29,0,25,0,0,0,0,0,0,0,0,0,0,0,0,0,0,0,0,0,0,0,0,0,0,0,0,0,0,0,0,0,0,0,0,0,0,0,0,0,0,0,0,0,0,0,0,0,0,0,0,0,0,0,0,0,0,0,0,0,0,0,0,0,0,0,0,0,0,0,0,0,0,0,0,0,0,0,3,64,1,64,61,3,61,0,0,3,4.29,Tools,88362,4.2,31,4,0,0,4,0,0,org.eu.exodus_privacy.exodusprivacy,1595886169,1,7,10,31,8,5,0,1,2,0,0,0,1,1,1801087
fediphoto,3,2,9,0,1680,0,2772,0,2,1,2,0,2,0,0,0,0,0,0,0,0,0,6,1,1,2,10,4,0,0,0,0,0,0,0,0,0,0,0,1,1,1,-,-,1,-,-,-,0,0,0,0,0,0,0,0,0,0,-,-,0,0,0,0,0,0,0,0,0,0,0,0,0,0,0,0,0,0,0,0,0,0,0,0,0,0,0,0,0,0,0,0,0,0,0,0,0,0,0,0,0,1,0,0,1,1,0,0,0,0,0,0,0,0,0,0,0,0,0,0,0,0,0,0,0,0,0,0,0,3,0,0,0,9,1,4,2,0,0,0,0,0,0,0,1,0,0,0,0,0,0,0,1,0,0,-,-,-,-,-,-,0,0,4,0,0,0,0,0,0,0,0,0,0,0,0,0,0,0,0,0,0,0,0,0,0,0,0,0,0,0,0,0,0,0,0,0,0,4,0,0,0,0,0,0,0,0,0,0,0,1,0,0,0,0,0,0,0,0,0,0,0,0,0,0,0,0,0,0,0,0,0,0,0,0,0,0,0,0,0,0,0,0,0,0,0,0,0,0,0,0,9,5,1.8,8,1,5,0,4,0,0,Social,8,8.0,30,0,0,0,0,0,0,com.fediphoto,1595713268,4,34,39,126,33,8,0,4,17,0,2,0,5,3,1800746
flashcards,4,12,14,2,1360,27,3654,84,2,2,2,0,2,0,0,0,0,0,0,0,0,0,2,1,2,5,5,13,0,0,0,0,0,0,0,0,0,0,0,1,1,1,-,-,1,-,-,-,0,0,0,0,0,0,0,0,0,0,-,-,0,0,0,0,0,0,0,0,0,0,0,0,0,0,0,0,0,0,0,0,0,0,0,0,0,0,0,0,0,0,0,0,0,0,0,0,0,0,0,0,0,0,0,0,0,1,0,0,0,0,0,0,1,0,0,0,0,0,0,0,0,0,0,0,0,0,0,0,1,26,1,0,9,29,5,2,3,0,0,0,0,2,0,0,0,0,0,0,0,0,0,0,1,4,0,-,-,-,-,-,-,1,0,0,0,0,0,0,0,0,0,10,13,1,19,0,1,0,0,0,0,0,0,0,0,0,0,0,0,0,0,0,0,0,0,0,0,0,0,0,0,0,0,0,0,0,0,0,0,0,0,0,0,0,0,0,0,0,0,0,0,0,0,0,0,0,0,0,0,0,0,0,0,0,0,0,0,0,0,0,0,0,0,0,0,0,0,0,0,0,0,45,4,11.25,45,0,45,0,0,0,0,Education,74,5.0,51,0,0,0,0,0,0,com.quchen.flashcard,1596210875,4,100,40,652,32,4,2,21,7,0,0,0,4,2,1800479
funktrainer,7,2,23,1,2728,8,9660,42,5,1,2,0,0,0,0,0,0,0,0,0,0,0,4,1,5,3,7,16,0,0,0,0,1,1,1,1,0,0,0,1,1,1,-,-,1,-,-,-,0,0,0,0,0,0,0,0,0,0,-,-,0,0,0,0,0,0,0,0,0,0,0,0,0,0,0,0,0,0,0,0,0,0,0,0,0,0,0,0,0,0,0,0,0,0,0,0,0,0,0,0,0,1,0,0,0,1,0,0,0,0,1,0,1,0,0,0,0,0,0,0,0,0,0,0,0,0,0,0,1,24,0,0,2,35,6,4,0,0,0,0,8,0,0,0,0,0,0,0,0,0,0,0,1,4,0,-,-,-,-,-,-,0,0,1,0,0,0,0,0,0,0,1,3,0,4,0,0,0,0,0,0,0,0,0,0,0,0,0,0,0,0,0,0,0,0,0,0,1,0,0,0,0,0,0,0,0,0,1,0,0,0,0,0,0,0,2,0,0,0,0,0,0,0,0,0,0,0,0,0,0,0,0,0,0,0,0,0,0,0,0,0,0,0,0,0,0,0,0,0,0,0,13,9,1.4444444,10,3,12,0,1,0,4.5636363,Education,7039,4.0,6,0,0,0,0,0,0,de.hosenhasser.funktrainer,1595974917,9,154,35,631,32,2,0,9,17,0,2,0,3,2,1803379
getmitokens,4,12,3,2,293,24,672,84,2,2,2,0,2,0,0,0,0,0,0,0,0,0,1,1,1,0,3,2,0,0,0,0,0,0,0,0,0,0,0,1,1,1,-,-,1,-,-,-,0,0,0,0,0,0,0,0,0,0,-,-,0,0,0,0,0,0,0,0,0,0,0,0,0,0,0,0,0,0,0,0,0,0,0,0,0,0,0,0,0,0,0,0,0,0,0,0,0,0,0,0,0,0,0,0,0,0,0,0,0,0,0,0,1,0,0,0,0,0,0,0,0,0,0,0,0,0,0,0,0,0,0,0,0,2,0,0,0,0,0,2,0,0,0,0,0,0,0,0,0,0,0,0,0,1,0,-,-,-,-,-,-,2,0,0,0,0,0,0,0,0,0,0,1,0,2,0,0,0,0,0,0,0,0,0,0,0,0,0,0,0,0,0,0,0,0,0,0,0,0,0,0,0,0,0,0,0,0,0,0,0,0,0,0,0,0,1,0,0,0,0,0,0,0,0,0,0,0,0,0,0,0,0,0,0,0,0,0,0,0,0,0,0,0,0,0,0,0,0,0,0,0,6,2,3,5,1,6,0,0,0,0,Tools,143,4.0.3,13,0,0,0,0,0,0,eu.roggstar.getmitokens,1596142074,2,4,3,30,3,0,0,1,1,0,0,0,1,0,1800210
getoffyourphone,12,33,23,6,3216,118,9702,504,4,4,4,0,3,0,0,0,0,0,0,0,0,0,7,4,12,4,14,12,0,0,0,0,1,1,1,1,1,1,0,1,1,1,-,-,1,-,-,-,0,0,0,0,0,0,0,0,0,0,-,-,0,0,0,0,0,0,0,0,0,0,0,0,0,0,0,0,0,0,0,0,0,0,0,0,0,0,0,0,0,0,0,0,0,0,0,0,0,0,0,0,0,1,0,0,1,1,0,0,0,0,1,1,1,0,1,0,0,0,0,0,0,0,0,0,0,0,0,0,2,12,0,0,4,20,1,0,0,0,0,4,0,0,0,0,0,0,0,0,0,0,0,0,0,1,0,-,-,-,-,-,-,2,0,0,0,0,0,0,0,0,0,11,5,0,15,0,0,0,0,0,0,0,0,0,0,0,0,0,0,0,0,0,0,0,0,0,0,0,0,0,0,0,0,0,0,0,0,0,0,0,0,0,0,0,0,0,0,1,0,0,0,0,0,0,0,0,0,0,0,0,0,0,0,0,0,0,0,0,0,0,0,0,0,0,0,0,0,0,0,0,1,35,5,7,33,2,34,0,0,1,4.142857,Productivity,2756,5.0,118,1,0,0,1,0,0,com.nephi.getoffyourphone,1596027057,1,15,23,88,22,17,0,2,0,0,2,0,1,1,1800342
goodtime,31,0,83,0,7524,0,21630,0,15,1,2,0,0,0,0,0,0,0,0,0,0,0,43,4,36,189,50,33,0,0,0,0,1,1,1,1,1,1,0,1,1,1,-,-,1,-,-,-,0,0,0,0,0,0,0,0,0,0,-,-,0,0,0,0,0,0,0,0,0,0,0,0,0,0,0,0,0,0,0,0,0,0,0,0,0,0,0,0,0,0,0,0,0,0,0,0,0,0,0,0,0,1,0,0,0,1,0,0,0,0,0,0,0,0,0,0,0,0,0,0,0,0,0,0,0,0,0,0,12,26,0,0,13,46,0,0,0,0,0,18,5,0,0,4,0,0,0,0,0,0,0,0,0,0,0,-,-,-,-,-,-,12,0,3,0,0,0,0,0,0,0,15,6,0,21,0,0,0,0,1,0,0,0,0,0,0,0,0,0,0,0,0,0,0,0,0,0,3,0,0,0,0,0,0,0,0,0,1,0,0,0,0,0,0,0,3,0,1,0,0,0,0,0,0,0,0,0,0,0,0,0,0,0,0,1,0,0,0,0,0,0,0,0,0,0,0,0,0,0,0,4,71,9,7.888889,61,10,63,1,3,4,4.560232,Productivity,511233,4.1,74,9,0,3,4,0,2,com.apps.adrcotfas.goodtime,1596182090,7,43,33,437,28,14,0,5,2,0,2,0,6,4,1804502
habpanelviewer,16,6,103,2,9100,166,27048,672,14,2,2,0,0,0,0,0,0,0,0,0,0,0,3,1,2,17,8,15,0,0,0,0,0,1,0,0,0,0,0,1,1,1,-,-,1,-,-,-,0,0,0,0,0,0,0,0,0,0,-,-,0,0,0,0,0,0,0,1,0,0,1,1,0,0,1,1,0,0,0,0,0,0,0,0,0,0,0,0,0,0,0,0,0,0,0,0,0,0,0,0,0,1,0,0,1,1,1,0,0,0,1,0,1,0,0,0,0,0,0,0,0,0,0,0,0,0,0,0,2,7,0,0,0,14,2,0,1,0,0,1,2,0,0,0,0,0,0,0,0,0,0,0,1,2,0,-,-,-,-,-,-,0,0,2,0,0,0,0,0,0,0,8,1,0,9,0,0,0,0,0,0,0,0,0,0,0,0,0,0,0,0,0,0,0,0,0,0,2,0,0,0,0,0,0,0,0,0,1,0,0,1,0,0,0,1,2,0,1,0,0,0,0,0,0,0,0,0,0,0,0,0,0,0,0,0,0,0,0,0,0,0,0,0,0,0,0,0,0,0,0,0,28,12,2.3333333,22,6,26,0,2,0,3.707317,Lifestyle,8266,4.4,48,2,0,1,1,0,0,de.vier_bier.habpanelviewer,1596180279,1,16,18,56,18,12,0,3,1,0,1,0,1,0,1800845
hacs,15,10,35,1,2754,9,8862,42,12,1,2,0,0,0,0,0,0,0,0,0,0,0,2,1,20,18,8,13,0,0,0,0,1,1,1,1,1,1,0,1,1,1,-,-,1,-,-,-,0,0,0,0,0,0,0,0,0,0,-,-,0,0,0,0,0,0,0,0,0,0,0,0,0,0,0,0,0,0,0,1,0,0,0,0,0,0,0,0,0,0,0,0,0,0,0,0,0,0,0,0,0,1,0,0,0,1,0,0,0,0,0,0,1,0,0,0,0,0,0,0,0,0,0,0,0,0,0,0,1,14,0,0,9,29,17,0,0,0,0,2,2,0,0,1,0,0,0,0,0,0,0,0,1,0,0,-,-,-,-,-,-,0,0,1,0,0,0,0,0,0,0,2,6,0,0,0,0,0,0,0,0,0,0,0,0,0,0,0,0,0,0,0,0,0,0,0,0,1,0,0,0,0,0,0,0,0,0,1,0,0,0,0,0,0,0,1,0,0,0,0,0,0,0,0,0,0,0,0,0,0,0,0,0,0,0,0,0,0,0,0,0,0,0,0,0,0,0,0,0,0,0,12,5,2.4,10,2,11,0,1,0,0,Tools,154,5.0,74,3,0,0,3,0,0,io.mainframe.hacs,1596080744,5,62,48,313,41,5,2,32,3,0,0,0,4,2,1800055
hauk,28,16,110,4,5250,121,19404,378,25,1,2,0,2,0,0,0,0,0,0,0,0,0,15,1,15,25,18,5,0,0,0,0,1,1,1,1,1,1,0,1,1,1,-,-,1,-,-,-,0,0,0,0,0,0,0,0,0,0,-,-,0,0,0,0,0,0,0,0,0,0,0,0,0,0,0,0,0,0,0,1,0,0,0,0,0,0,0,0,0,0,0,0,0,0,0,0,0,0,0,0,0,1,0,0,0,0,0,0,0,0,1,0,1,0,1,0,0,0,0,0,0,0,0,0,0,0,0,0,1,9,3,0,0,22,7,0,2,0,0,1,0,0,0,2,0,0,0,0,0,0,0,0,0,0,0,-,-,-,-,-,-,1,0,3,0,0,0,0,0,0,0,1,7,0,2,0,0,0,0,0,0,1,0,0,0,0,0,0,0,0,0,0,0,0,0,0,0,0,3,0,0,0,0,0,0,0,0,0,0,0,2,0,0,0,0,1,0,0,0,0,0,0,0,0,0,0,0,0,0,0,0,0,0,0,0,0,0,0,1,0,0,0,0,0,0,0,0,0,0,0,0,22,3,7.3333335,18,4,18,1,3,0,5,Maps & Navigation,183,6.0,141,0,0,0,0,0,0,info.varden.hauk,1596073359,2,45,36,564,23,4,0,6,13,0,9,0,2,2,1801035
heb12-mobile,4,12,1,2,250,24,84,84,1,2,2,0,2,0,0,0,0,0,0,0,0,0,1,1,16,4,3,1,0,0,0,0,1,1,1,1,1,1,0,1,1,1,-,-,1,-,-,-,0,0,0,0,0,0,0,0,0,0,-,-,0,0,0,0,0,0,0,0,0,0,0,0,0,0,0,0,0,0,0,0,0,0,0,0,0,0,0,0,0,0,0,0,0,0,0,0,0,0,0,0,0,0,0,0,0,0,0,0,0,0,0,0,1,0,0,0,0,0,0,0,0,0,0,0,0,0,0,0,0,0,0,0,0,0,0,0,0,0,0,0,0,0,0,0,1,0,0,0,0,0,0,0,0,0,0,-,-,-,-,-,-,0,0,0,0,0,0,0,0,0,0,0,0,0,0,0,0,0,0,0,0,0,0,0,0,0,0,0,0,0,0,0,0,0,0,0,0,0,0,0,0,0,0,0,0,0,0,0,0,0,0,0,0,0,0,0,0,0,0,0,0,0,0,0,0,0,0,0,0,0,0,0,0,0,0,0,0,0,0,0,0,0,0,0,0,0,0,0,0,0,0,0,1,0,0,0,0,0,0,0,0,Lifestyle,21,4.0.3,13,0,0,0,0,0,0,com.heb12.heb12,1596088237,2,223,438,1121,357,40,0,258,137,0,0,0,2,1,1800059
helsinki-timetables,16,6,49,1,6085,70,17976,126,12,1,1,0,0,0,0,0,0,0,0,0,0,0,11,1,5,58,14,7,0,0,0,0,1,1,1,0,0,0,1,1,1,1,-,-,1,-,-,-,0,0,0,0,0,0,0,0,0,0,-,-,0,0,0,0,0,0,0,0,0,0,0,0,0,0,0,0,0,0,0,0,0,0,0,0,0,0,0,0,0,0,0,0,0,0,0,0,0,0,0,0,0,1,0,0,0,1,0,0,0,0,0,0,1,0,0,0,0,0,0,0,0,0,0,0,0,0,0,0,0,19,0,0,0,12,19,0,1,0,0,3,0,0,0,0,0,0,0,0,0,0,0,0,0,0,0,-,-,-,-,-,-,0,0,0,0,0,0,0,0,0,0,11,4,0,2,0,0,0,0,0,0,0,0,0,0,0,0,0,0,0,0,0,0,0,0,0,0,0,0,0,0,0,0,0,0,0,0,0,0,0,0,0,0,0,7,17,0,3,0,0,0,0,0,0,0,0,0,0,0,0,0,0,0,0,0,0,0,0,1,0,0,0,0,0,0,0,0,0,0,0,0,45,21,2.142857,17,28,44,1,0,0,3.19,Travel & Local,66962,VARY,178,6,0,3,3,0,0,com.redblaster.hsl.main,1596041803,15,95,1109,2314,1010,459,3,444,184,0,10,0,7,2,1800134
hu-eduroam,4,0,2,0,591,0,1050,0,2,1,2,0,0,0,0,0,0,0,0,0,0,0,3,9,20,5,7,9,0,0,0,0,1,1,1,1,1,1,0,1,1,1,-,-,1,-,-,-,0,0,0,0,0,0,0,0,0,0,-,-,0,0,0,0,0,0,0,0,0,0,0,0,0,0,0,0,0,0,0,0,0,0,0,0,0,0,0,0,0,0,0,0,0,0,0,0,0,0,0,0,0,1,0,0,0,1,0,0,0,0,0,0,0,0,0,0,0,0,0,0,0,0,0,0,0,0,0,0,0,17,1,0,0,27,9,0,0,0,0,9,0,0,0,0,0,0,0,0,0,0,0,0,0,0,0,-,-,-,-,-,-,9,0,18,0,0,0,0,0,0,0,9,45,0,24,0,0,0,0,0,0,0,0,0,0,0,0,0,0,0,0,0,0,0,0,0,0,0,0,0,0,0,0,0,0,0,0,0,0,0,0,0,0,0,0,0,0,0,0,0,0,0,0,0,0,0,0,0,0,0,0,0,0,0,0,0,0,0,0,0,0,0,0,0,0,0,0,0,0,0,0,105,1,105,105,0,105,0,0,0,4.1609197,Tools,30078,4.3,101,14,0,0,0,0,14,de.hu_berlin.eduroam,1596052924,1,8,10,40,8,2,0,4,3,0,0,0,0,1,1803080
huewidgets,8,15,18,10,2484,640,5880,1470,7,4,2,0,2,0,0,0,0,0,0,0,0,0,1,1,1,3,5,7,0,0,0,0,0,0,0,0,0,0,0,1,1,1,-,-,1,-,-,-,0,0,0,0,0,0,0,0,0,0,-,-,0,0,0,0,0,0,0,0,0,0,0,0,0,0,0,0,0,0,0,0,0,0,0,0,0,0,0,0,0,0,0,0,0,0,0,0,0,0,0,0,0,1,0,0,1,1,0,0,0,1,1,0,1,0,1,0,0,0,1,0,0,0,1,0,0,0,0,0,0,5,0,0,1,3,2,0,0,0,0,2,3,0,0,0,0,0,0,0,0,0,0,0,0,2,0,-,-,-,-,-,-,2,0,1,0,0,0,0,1,0,0,1,0,0,0,0,0,0,0,0,0,0,0,0,0,0,0,0,0,0,0,0,0,0,0,0,0,1,0,0,0,0,0,0,0,0,0,0,0,0,0,0,0,0,0,0,0,0,0,0,0,0,0,0,0,0,0,0,0,0,0,0,0,0,0,0,0,0,0,0,0,0,0,0,0,0,0,0,0,0,0,6,4,1.5,6,0,5,0,1,0,0,House & Home,346,5.0,3,0,0,0,0,0,0,is.zi.huewidgets,1596129149,3,6,5,41,4,1,0,0,1,0,0,0,2,1,1800100
kboard,4,5,11,1,1292,4,4200,0,2,1,2,0,0,0,0,0,0,0,0,0,0,0,3,1,5,3,9,5,0,0,0,0,0,1,1,1,1,0,0,1,1,1,-,-,1,-,-,-,0,0,0,0,0,0,0,0,0,0,-,-,0,0,0,0,0,0,0,0,0,0,0,0,0,0,0,0,0,0,0,0,0,0,0,0,0,0,0,0,0,0,0,0,0,0,0,0,0,0,0,0,0,0,0,0,0,1,0,0,0,0,0,0,0,0,0,0,0,0,0,0,0,0,0,0,0,0,0,0,1,1,0,0,0,2,0,0,0,0,0,0,0,0,0,0,0,0,0,0,0,0,0,0,0,0,0,-,-,-,-,-,-,0,0,1,0,0,0,0,0,0,0,0,0,0,0,0,0,0,0,0,0,0,0,0,0,0,0,0,0,0,0,0,0,0,0,0,0,1,0,0,0,0,0,0,0,0,0,0,0,0,0,0,0,0,1,0,0,1,0,0,0,0,0,0,0,0,0,0,0,0,0,0,0,0,0,0,0,0,0,0,0,0,0,0,0,0,0,0,0,0,1,5,2,2.5,2,3,3,0,1,1,3.6306307,Personalization,253131,4.4,478,0,0,0,0,0,0,com.adgad.kboard,1596032612,2,21,22,355,18,7,0,6,5,0,0,0,2,2,1801073
ldap-sync,15,6,22,1,2046,14,6384,42,8,1,2,0,0,0,0,0,0,0,0,0,0,0,3,1,6,3,6,5,0,0,0,0,1,1,1,1,1,0,0,1,1,1,-,-,1,-,-,-,0,0,0,0,0,0,0,0,0,0,-,-,0,0,0,0,0,0,0,0,0,0,0,0,0,0,0,0,0,0,0,0,0,0,0,0,0,0,0,0,0,0,0,0,0,0,0,0,0,0,0,0,0,1,0,0,1,1,0,0,0,0,0,0,1,1,0,0,0,0,0,0,0,0,0,0,0,0,0,0,0,6,3,0,0,17,6,0,0,0,0,1,0,0,0,1,0,0,0,0,0,0,0,0,0,2,0,-,-,-,-,-,-,0,0,5,0,0,0,0,0,0,0,2,2,0,0,0,0,0,0,0,0,0,0,0,0,0,0,0,0,0,0,0,0,0,0,0,0,8,0,0,0,0,0,0,0,0,0,0,0,0,0,0,0,0,0,0,0,0,0,0,0,0,0,0,0,0,0,0,0,0,0,0,0,0,0,0,0,0,0,0,0,0,0,0,0,0,0,0,0,0,0,17,5,3.4,17,0,9,0,8,0,3.3333333,Tools,2531,3.0,109,5,0,0,1,2,2,de.wikilab.android.ldapsync,1595794985,3,18,27,101,20,7,0,6,6,0,3,0,3,2,1800822
lepsi-rozvrh,30,12,70,2,7670,24,23226,84,14,2,2,0,2,0,0,0,0,0,0,0,0,0,3,2,50,243,11,18,0,0,0,0,1,1,1,1,1,1,0,1,1,1,-,-,1,-,-,-,0,0,0,0,0,0,0,0,0,0,-,-,0,0,0,0,0,0,0,0,0,0,0,0,0,0,0,0,0,0,0,0,0,0,0,0,0,0,0,0,0,0,0,0,0,0,0,0,0,0,0,0,0,1,0,0,1,1,0,0,0,0,0,0,1,0,0,0,0,0,0,0,0,0,0,0,0,0,0,0,7,14,0,0,0,31,14,0,2,0,0,7,3,0,0,0,1,0,0,0,0,0,0,0,0,0,0,-,-,-,-,-,-,7,0,5,0,0,0,0,0,0,0,7,12,0,13,0,0,0,0,0,0,0,3,0,0,0,0,0,0,0,0,0,0,0,0,0,0,5,0,0,0,0,0,0,0,0,0,4,0,0,0,0,0,0,3,7,0,9,0,0,0,0,0,0,0,0,0,0,0,0,0,0,0,0,0,0,0,0,0,0,0,0,0,0,0,0,0,0,0,0,2,77,10,7.7,52,25,67,3,5,2,4.773585,Education,1533,4.4,58,6,0,0,6,0,0,cz.vitskalicky.lepsirozvrh,1596060418,3,54,15,132,15,2,0,9,1,0,0,0,3,0,1803196
light-android-launcher,5,0,7,0,614,0,2016,0,2,1,2,0,0,0,0,0,0,0,0,0,0,0,1,1,11,3,1,3,0,0,0,0,1,1,1,1,1,1,0,1,1,1,-,-,1,-,-,-,0,0,0,0,0,0,0,0,0,0,-,-,0,0,0,0,0,0,0,0,0,0,0,0,0,0,0,0,0,0,0,0,0,0,0,0,0,0,0,0,0,0,0,0,0,0,0,0,0,0,0,0,0,0,0,0,0,1,0,0,0,0,0,0,0,0,0,0,0,0,0,0,0,0,0,0,0,0,0,0,0,1,0,0,1,1,0,0,0,0,0,1,0,0,0,0,0,0,0,0,0,0,0,0,0,2,0,-,-,-,-,-,-,0,0,1,0,0,0,0,0,0,0,1,1,0,0,0,0,0,0,0,0,0,0,0,0,0,0,0,0,0,0,0,0,0,0,0,0,1,0,0,0,0,0,0,0,0,0,0,0,0,0,0,0,0,2,2,0,0,0,0,0,0,0,0,0,0,0,0,0,0,0,0,0,0,0,0,0,0,0,0,0,0,0,0,0,0,0,0,0,0,0,8,2,4,4,4,7,0,1,0,0,Personalization,31,1.6,13,2,0,0,1,1,0,com.github.postapczuk.lalauncher,1596069609,3,7,9,25,6,1,0,2,2,0,1,0,3,0,1803395
ltecleanerfoss,3,10,5,2,486,104,1722,420,2,2,2,0,2,0,0,0,0,0,0,0,0,0,11,1,16,7,16,5,0,0,0,0,1,1,1,1,1,1,0,1,1,1,-,-,1,-,-,-,0,0,0,0,0,0,0,0,0,0,-,-,0,0,0,0,0,0,0,0,0,0,0,0,0,0,0,0,0,0,0,0,0,0,0,0,0,0,0,0,0,0,0,0,0,0,0,0,0,0,0,0,0,0,1,0,0,1,0,0,0,0,0,0,1,0,0,0,0,0,0,0,0,0,0,0,0,0,0,0,0,1,0,0,0,5,1,0,0,0,0,0,1,0,0,0,0,0,0,0,0,0,0,0,0,2,0,-,-,-,-,-,-,0,0,0,0,0,0,0,0,0,0,4,6,0,4,0,0,0,0,0,0,0,0,0,0,0,0,0,0,0,0,0,0,0,0,0,0,0,0,0,0,0,0,0,0,0,0,0,0,0,0,0,0,0,0,2,0,0,0,0,0,0,0,0,0,0,0,0,0,0,0,0,0,0,0,0,0,0,0,0,0,0,0,0,0,0,0,0,0,0,0,16,5,3.2,14,2,16,0,0,0,4.56,Tools,24651,5.0,36,0,0,0,0,0,0,theredspy15.ltecleanerfoss,1595797898,4,81,32,492,21,6,3,7,10,0,0,0,4,2,1805709
lttrs-android,18,0,135,0,8726,0,31038,0,13,1,2,0,0,0,0,0,0,0,0,0,0,0,13,1,6,45,20,18,0,0,0,0,0,1,1,1,1,1,0,1,1,1,-,-,1,-,-,-,0,0,0,0,0,0,0,0,0,0,-,-,0,0,0,0,0,0,0,0,0,0,0,0,0,0,0,0,0,0,0,0,0,0,0,0,0,0,0,0,0,0,0,0,0,0,0,0,0,0,0,0,0,1,0,0,0,1,0,0,0,0,0,0,0,0,0,0,0,0,0,0,0,0,0,0,0,0,0,0,5,19,0,0,14,28,0,0,0,0,0,19,4,0,0,0,0,0,0,0,0,0,0,0,0,0,0,-,-,-,-,-,-,4,0,5,0,0,0,0,0,0,0,30,7,0,4,0,0,0,0,0,2,0,0,0,0,0,0,0,0,0,0,0,0,0,0,0,0,5,0,0,0,0,0,0,0,0,0,0,0,0,0,0,0,0,3,0,0,1,0,0,0,0,0,0,0,0,0,0,0,0,0,0,0,0,0,0,0,0,0,0,0,0,0,0,0,0,0,0,0,0,3,64,4,16,57,7,56,0,5,3,4.5,Communication,203,6.0,46,20,0,0,20,0,0,rs.ltt.android,1596093810,1,8,6,28,5,1,0,3,0,0,0,0,1,1,1802363
manglish,3,10,7,2,633,68,1554,210,2,2,2,0,2,0,0,0,0,0,0,0,0,0,2,1,15,5,7,7,0,0,0,0,1,1,1,1,1,1,0,1,1,1,-,-,1,-,-,-,0,0,0,0,0,0,0,0,0,0,-,-,0,0,0,0,0,0,0,0,0,0,0,0,0,0,0,0,0,0,0,0,0,0,0,0,0,0,0,0,0,0,0,0,0,0,0,0,0,0,0,0,0,0,0,0,0,0,0,0,0,0,0,0,1,0,0,0,0,0,0,0,0,0,0,0,0,0,0,0,2,4,0,0,1,9,3,0,0,0,0,1,0,0,0,0,0,0,0,0,0,0,0,0,0,1,0,-,-,-,-,-,-,0,0,2,0,0,0,0,0,0,1,2,1,0,3,0,0,0,0,0,0,0,0,0,0,0,0,0,0,0,0,0,0,0,0,0,0,1,0,0,0,0,0,0,0,0,0,0,0,0,0,0,0,0,0,0,0,0,0,0,0,0,0,0,0,0,0,0,0,0,0,0,0,0,0,0,0,0,0,0,0,0,0,0,0,0,0,0,0,0,0,10,1,10,10,0,9,0,1,0,4.388889,Tools,27984,4.0.3,28,1,0,0,1,0,0,subins2000.manglish,1596045550,2,16,17,85,14,2,1,8,3,0,2,0,1,0,1800547
mbestyle,15,0,35,0,2030,0,6636,0,10,1,2,0,0,0,0,0,0,0,0,0,0,0,5,1,21,7,10,16,0,0,0,0,1,1,1,1,1,1,1,1,1,1,-,-,1,-,-,-,0,0,0,0,0,0,0,0,0,0,-,-,0,0,0,0,0,0,0,0,0,0,0,0,0,0,0,0,0,0,0,0,0,0,0,0,0,0,0,0,0,0,0,0,0,0,0,0,0,0,0,0,0,0,0,0,0,1,0,0,0,0,0,0,0,0,0,0,0,0,0,0,0,0,0,0,0,0,0,0,9,9,0,0,1,7,0,0,1,0,0,7,0,0,0,0,0,0,0,0,0,0,0,0,0,0,0,-,-,-,-,-,-,0,0,0,0,0,0,0,0,0,0,5,7,0,7,0,0,0,0,0,0,0,1,0,0,0,0,0,0,0,0,0,0,0,0,0,0,0,0,0,0,0,0,0,0,0,0,0,0,0,0,0,0,0,1,0,0,0,0,0,0,0,0,0,0,0,0,0,0,0,0,0,0,0,0,0,0,0,0,0,0,0,0,0,0,0,0,0,0,0,5,26,4,6.5,20,6,20,1,0,5,4.1764708,Personalization,3323,4.2,747,8,0,0,7,1,0,me.iacn.mbestyle,1596118001,4,19,32,215,27,10,0,12,3,0,4,0,2,1,1800835
mediclog,4,0,7,0,754,0,2562,0,2,1,2,0,0,0,0,0,0,0,0,0,0,0,1,2,0,0,2,5,0,0,0,0,0,0,0,0,0,0,0,1,1,1,-,-,1,-,-,-,0,0,0,0,0,0,0,0,0,0,-,-,0,0,0,0,0,0,0,0,0,0,0,0,0,0,0,0,0,0,0,0,0,0,0,0,0,0,0,0,0,0,0,0,0,0,0,0,0,0,0,0,0,0,0,0,0,0,0,0,0,0,0,0,0,0,0,0,0,0,0,0,0,0,0,0,0,0,0,0,0,27,0,0,3,13,28,0,0,0,0,0,0,0,0,0,0,0,0,0,0,0,0,0,0,0,0,-,-,-,-,-,-,0,0,12,0,0,0,0,0,0,0,0,0,0,0,0,0,0,0,0,0,0,0,0,0,0,0,0,0,0,0,0,0,0,0,0,0,0,0,0,0,0,0,0,0,0,0,0,0,0,0,0,0,0,0,1,0,0,0,0,0,0,0,0,0,0,0,0,0,0,0,0,0,0,0,0,0,0,0,0,0,0,0,0,0,0,0,0,0,0,0,13,6,2.1666667,12,1,13,0,0,0,0,Health & Fitness,2,4.0,74,20,0,0,8,0,12,org.paladyn.mediclog,1596045914,5,64,45,162,30,12,1,11,13,0,2,0,4,2,1800551
moneywallet,77,13,435,2,51744,1543,151326,4452,45,2,2,0,1,0,0,0,0,0,0,0,0,0,21,5,63,164,28,136,0,0,0,0,1,1,1,1,1,1,0,1,1,1,-,-,1,-,-,-,0,0,0,0,0,0,0,0,0,0,-,-,0,0,0,0,0,0,0,0,0,0,0,0,0,0,0,0,0,0,0,0,0,0,0,0,0,0,0,0,0,0,0,0,0,0,0,0,0,0,0,0,0,1,0,0,1,1,0,0,0,0,1,1,1,0,0,0,0,0,0,0,0,0,0,0,0,0,0,0,37,71,0,0,7,11,2,0,0,0,0,31,0,0,0,0,0,0,0,0,0,0,0,0,2,0,0,-,-,-,-,-,-,42,0,99,0,0,0,0,0,0,0,53,5,0,144,0,0,0,0,0,0,0,0,0,0,0,0,0,0,0,0,0,0,0,0,0,0,101,0,0,0,0,0,0,0,0,0,0,0,0,0,0,0,0,20,19,0,5,0,0,0,0,0,0,0,0,0,0,0,0,0,0,0,0,1,0,0,1,4,0,0,0,0,0,0,0,0,0,0,0,38,532,38,14,444,88,387,6,101,38,4.49,Finance,16229,5.0,1316,11,0,6,5,0,0,com.oriondev.moneywallet.dev,1596111457,16,108,157,720,137,44,29,43,29,0,0,0,8,4,1801202
morse,4,0,8,0,1083,0,1638,0,2,1,2,0,0,0,0,0,0,0,0,0,0,0,1,2,18,61,3,5,0,0,0,0,1,1,1,1,1,1,0,1,1,1,-,-,1,-,-,-,0,0,0,0,0,0,0,0,0,0,-,-,0,0,0,0,0,0,0,0,0,0,0,0,0,0,0,0,0,0,0,0,0,0,0,0,0,0,0,0,0,0,0,0,0,0,0,0,0,0,0,0,0,0,0,0,0,1,0,0,0,0,0,0,0,0,0,0,0,0,0,0,0,0,0,0,0,0,0,0,0,1,0,0,45,21,0,0,0,0,0,29,0,0,0,0,0,0,0,0,0,0,0,0,0,0,0,-,-,-,-,-,-,29,0,0,0,0,0,0,0,0,0,28,25,0,25,0,0,0,0,0,0,0,0,0,0,0,0,0,0,0,0,0,0,0,0,0,0,0,0,0,0,0,0,0,0,0,0,0,0,0,0,0,0,0,0,0,0,0,0,0,0,0,0,0,0,0,0,0,0,0,0,0,0,0,0,0,0,0,0,0,0,0,0,0,0,0,0,0,0,0,1,108,2,54,107,1,107,0,0,1,4.2,Communication,161,4.4,77,5,0,5,0,0,0,rocks.poopjournal.morse,1596051469,2,28,19,69,16,2,1,5,9,0,0,0,2,0,1801679
motioneye-client,32,22,83,4,12751,48,45024,168,10,2,2,0,2,0,0,0,0,0,0,0,0,0,5,4,3,57,16,54,0,0,0,0,0,0,0,0,0,0,0,1,1,1,-,-,1,-,-,-,0,0,0,0,0,0,0,0,0,0,-,-,0,0,0,0,0,0,0,0,0,0,0,0,0,0,0,0,0,0,0,1,0,0,0,0,0,0,0,0,0,0,0,0,0,0,0,0,0,0,0,0,0,1,0,0,1,1,0,0,0,0,0,0,1,0,0,0,0,0,0,0,0,0,0,0,0,0,0,0,5,111,0,0,5,77,10,0,0,0,0,28,25,0,0,0,0,0,0,0,0,0,0,0,0,2,0,-,-,-,-,-,-,17,0,14,0,0,0,0,0,0,0,16,9,0,73,0,0,0,0,0,0,0,5,0,0,0,0,0,0,0,0,0,0,0,0,0,0,12,0,0,0,0,0,0,0,0,0,2,0,0,2,0,0,0,2,0,0,0,0,0,0,0,0,0,0,0,0,0,0,0,0,0,0,0,0,0,0,0,2,0,0,0,0,0,0,0,0,0,0,0,10,164,6,27.333334,146,18,135,7,12,10,0,Tools,2070,VARY,116,13,0,0,12,1,0,com.developerfromjokela.motioneyeclient,1596089217,2,19,21,75,15,2,0,9,6,0,2,0,2,0,1800487
mundraub-android,27,19,102,17,10712,1806,45864,6342,20,5,2,0,3,0,0,0,0,0,0,0,0,0,8,1,2,6,11,23,0,0,0,0,0,0,0,0,0,0,0,1,1,1,-,-,1,-,-,-,0,0,0,0,0,0,0,0,0,0,-,-,0,0,0,0,0,0,0,0,0,0,0,0,0,0,0,0,0,0,0,1,0,0,0,0,0,0,0,0,0,0,0,0,0,0,0,0,0,0,0,0,0,1,0,0,1,1,1,0,0,1,1,0,1,1,1,0,0,0,1,0,0,0,0,0,0,0,0,0,2,48,2,0,1,70,34,5,13,0,15,8,5,0,0,0,4,0,0,0,0,0,0,0,1,0,0,-,-,-,-,-,-,0,0,11,0,0,0,0,0,3,0,17,0,0,8,0,0,0,0,0,1,0,0,0,0,0,0,0,0,0,0,0,0,0,0,0,0,4,0,0,0,0,0,0,0,0,0,0,0,0,0,0,0,0,0,0,0,0,0,0,0,0,0,0,0,0,0,0,0,0,0,0,0,0,0,0,0,0,1,0,0,0,0,0,0,0,0,0,0,0,3,48,16,3,44,4,40,1,4,3,1.3225807,Travel & Local,2988,4.0,507,20,0,0,8,6,6,eu.quelltext.mundraub,1595778100,3,63,459,1499,454,368,0,70,15,0,0,0,3,3,1805407
mynotes,7,10,6,2,459,24,1386,84,4,2,2,0,0,0,0,0,0,0,0,0,0,0,2,2,7,0,6,8,0,0,0,0,1,1,1,1,1,1,0,1,1,1,-,-,1,-,-,-,0,0,0,0,0,0,0,0,0,0,-,-,0,0,0,0,0,0,0,0,0,0,0,0,0,0,0,0,0,0,0,0,0,0,0,0,0,0,0,0,0,0,0,0,0,0,0,0,0,0,0,0,0,0,0,0,0,0,0,0,0,0,0,0,1,0,0,0,0,0,0,0,0,0,0,0,0,0,0,0,0,3,0,0,0,8,2,0,0,0,0,3,0,0,0,0,0,0,0,0,0,0,0,0,0,1,0,-,-,-,-,-,-,1,0,1,0,0,0,0,0,0,0,5,2,0,6,0,0,0,0,0,0,0,0,0,0,0,0,0,0,0,0,0,0,0,0,0,0,1,0,0,0,0,0,0,0,0,0,0,0,0,0,0,0,0,0,0,0,0,0,0,0,0,0,0,0,0,0,0,0,0,0,0,0,0,0,0,0,0,0,0,0,0,0,0,0,0,0,0,0,0,0,16,3,5.3333335,16,0,15,0,1,0,0,Productivity,220,4.2,24,3,0,0,3,0,0,com.aa.mynotes,1596113391,3,10,17,70,16,3,0,10,1,0,0,0,2,1,1801033
notepad,9,0,20,0,3079,0,7728,0,5,1,2,0,0,0,0,0,0,0,0,0,0,0,16,3,7,16,24,12,0,0,0,0,0,1,1,1,1,1,0,1,1,1,-,-,1,-,-,-,0,0,0,0,0,0,0,0,0,0,-,-,0,0,0,0,0,0,0,0,0,0,0,0,0,0,0,0,0,0,0,0,0,0,0,0,0,0,0,0,0,0,0,0,0,0,0,0,0,0,0,0,0,0,0,0,0,0,0,0,0,0,0,0,0,0,0,0,0,0,0,0,0,0,0,0,0,0,0,0,2,17,0,0,1,6,0,0,0,0,0,1,0,0,0,0,0,0,0,0,0,0,0,0,0,1,0,-,-,-,-,-,-,0,0,1,0,0,0,0,0,0,0,3,3,0,6,0,0,0,0,0,0,0,0,0,0,0,0,0,0,0,0,0,0,0,0,0,0,1,0,0,0,0,0,0,0,1,0,0,0,0,0,0,0,0,4,4,0,4,0,0,0,0,0,0,0,0,0,0,0,0,0,0,0,0,0,0,0,0,0,0,0,0,0,0,0,0,0,0,0,0,0,27,3,9,14,13,26,0,1,0,4.385621,Productivity,325269,4.0,64,8,0,4,1,3,0,com.farmerbb.notepad.debug,1596062630,3,60,25,144,22,3,0,13,4,0,0,0,2,3,1800556
onpc,13,0,115,0,17446,0,42756,0,8,1,2,0,0,0,0,0,0,0,0,0,0,0,5,1,16,318,16,27,0,0,0,0,1,1,1,1,1,1,1,1,1,1,-,-,1,-,-,-,0,0,0,0,0,0,0,0,0,0,-,-,0,0,0,0,0,0,0,0,0,0,0,0,0,0,0,0,0,0,0,0,0,0,0,0,0,0,0,0,0,0,0,0,0,0,0,0,0,0,0,0,0,1,1,0,1,1,0,0,0,0,0,0,0,0,0,0,0,0,0,0,0,0,0,0,0,0,0,0,0,99,0,0,4,75,0,0,2,0,0,3,0,0,0,0,0,0,0,0,0,0,0,0,1,1,0,-,-,-,-,-,-,25,0,6,0,0,0,0,1,0,0,10,1,0,2,2,0,0,0,0,0,0,0,0,0,0,0,0,0,0,0,0,0,0,0,0,0,0,0,0,0,0,3,0,0,0,0,9,0,0,0,0,0,0,0,5,0,1,0,0,0,0,0,0,0,0,0,0,0,0,0,0,0,0,0,0,0,1,0,0,0,0,0,0,0,0,0,0,0,0,0,66,5,13.2,47,19,65,1,0,0,4.39,Music & Audio,26567,4.0,84,7,0,3,3,1,0,com.mkulesh.onpc,1596028903,3,38,62,297,57,15,0,31,12,0,0,0,2,2,1800198
openpods,4,0,8,0,832,0,1176,0,2,1,2,0,0,0,0,0,0,0,0,0,0,0,13,2,1,5,16,11,0,0,0,0,0,0,0,0,0,0,0,1,1,1,-,-,1,-,-,-,0,0,0,0,0,0,0,0,0,0,-,-,0,0,0,0,0,0,0,0,0,0,0,0,0,0,0,0,0,0,0,1,0,0,0,0,0,0,0,0,0,0,0,0,0,0,0,0,0,0,0,0,0,1,0,0,0,0,0,0,0,0,0,0,0,0,0,0,0,0,0,0,0,0,0,0,0,0,0,0,1,6,0,0,12,21,7,0,0,0,0,18,6,0,0,0,2,0,0,0,0,0,0,0,0,0,0,-,-,-,-,-,-,0,0,0,0,0,0,0,0,0,0,0,11,0,3,0,0,0,0,0,0,0,0,0,0,0,0,0,0,0,0,0,0,0,0,0,0,0,0,0,0,0,0,0,0,0,0,2,0,0,0,0,0,0,0,0,0,0,0,0,0,0,0,0,0,0,0,0,0,0,0,0,0,0,0,0,0,0,0,0,0,0,0,0,0,0,0,0,0,0,0,16,5,3.2,14,2,16,0,0,0,1.5714285,Tools,3154,6.0,23,0,0,0,0,0,0,com.dosse.airpods,1596096707,1,1,3,12,3,1,0,1,0,0,0,0,1,0,1804211
opensudoku,12,0,66,0,8003,0,24654,0,8,1,2,0,0,0,0,0,0,0,0,0,0,0,12,2,5,7,17,29,0,0,0,0,0,1,1,1,1,0,0,1,1,1,-,-,1,-,-,-,0,0,0,0,0,0,0,0,0,0,-,-,0,0,0,0,0,0,0,0,0,0,0,0,0,0,0,0,0,0,0,0,0,0,0,0,0,0,0,0,0,0,0,0,0,0,0,0,0,0,0,0,0,1,1,0,1,1,0,0,0,0,0,0,0,0,0,0,0,0,0,0,0,0,0,0,0,0,0,0,0,55,2,0,4,32,80,0,0,0,18,2,1,0,0,0,0,0,0,0,0,0,0,0,0,3,0,-,-,-,-,-,-,0,0,1,0,0,0,0,0,0,0,1,1,0,1,0,0,0,0,0,0,0,0,0,0,0,0,0,0,0,0,0,0,0,0,0,0,0,0,0,0,0,0,0,0,0,0,4,0,0,0,0,0,2,2,3,0,1,0,0,0,0,0,0,0,0,0,0,0,0,0,0,0,0,0,0,0,3,0,0,0,0,0,0,0,0,0,0,0,0,0,19,11,1.7272727,4,15,16,3,0,0,4.63,Games,9642,4.0,1554,13,0,3,6,0,4,org.moire.opensudoku,1596102266,7,125,60,671,48,12,2,23,13,0,0,0,4,6,1803378
osmdashboard,8,0,21,0,2005,0,5796,0,4,1,1,0,0,0,0,0,0,0,0,0,0,0,13,1,5,22,17,10,0,0,0,0,0,1,1,1,0,0,0,1,1,1,-,-,1,-,-,-,0,0,0,0,0,0,0,0,0,0,-,-,0,0,0,0,0,0,1,0,0,0,0,0,1,0,0,0,0,0,0,0,0,0,0,0,0,0,0,0,0,0,0,0,0,0,0,0,0,0,0,0,0,1,0,0,1,1,0,0,0,0,0,0,0,0,0,0,0,0,0,0,0,0,0,0,0,0,0,0,0,0,0,0,9,7,0,1,1,0,0,1,2,0,0,0,1,0,0,0,0,0,0,0,0,2,0,-,-,-,-,-,-,1,0,1,0,0,0,0,0,0,0,4,2,0,4,0,0,0,0,0,0,0,0,0,0,0,0,0,0,0,0,0,0,0,0,0,0,1,0,0,0,0,0,0,0,0,0,0,0,0,0,0,0,0,0,0,0,0,0,0,0,0,0,0,0,0,0,0,0,0,0,0,0,0,0,0,0,0,0,0,0,0,0,0,0,0,0,0,0,0,0,13,5,2.6,13,0,12,0,1,0,0,Health & Fitness,68,5.0,79,0,0,0,0,0,0,de.storchp.opentracks.osmplugin.debug,1596081845,4,24,80,244,75,8,0,7,62,0,0,0,2,1,1802207
osmtracker-android,17,11,58,0,6947,0,14238,0,14,1,2,0,3,0,0,0,0,0,0,0,0,0,58,2,11,1,287,18,0,0,0,0,0,1,1,1,1,1,0,1,1,1,-,-,1,-,-,-,0,0,0,0,0,0,0,0,0,0,-,-,0,0,0,0,0,0,1,0,0,0,0,0,1,1,0,0,0,0,0,1,0,0,0,0,0,0,0,0,0,0,0,0,0,0,0,0,0,0,0,0,0,1,0,0,1,1,0,0,0,0,0,0,0,0,0,0,0,0,0,0,0,0,0,0,0,0,0,0,1,23,0,0,10,41,6,0,3,0,0,9,0,0,0,1,0,0,0,0,0,0,0,0,0,2,0,-,-,-,-,-,-,9,0,6,0,0,0,0,0,0,0,3,2,0,1,0,0,0,0,0,0,0,0,0,0,0,0,0,0,0,0,0,0,0,0,0,0,2,0,0,0,0,0,0,0,0,0,0,0,0,0,0,0,0,0,2,0,2,0,0,0,0,0,0,0,0,0,0,0,0,0,0,0,0,0,0,0,0,0,0,0,0,0,0,0,0,0,0,0,0,0,27,11,2.4545455,23,4,25,0,2,0,4.17,Travel & Local,29966,4.1,281,5,0,0,1,0,4,net.osmtracker,1596076004,7,31,43,270,36,7,0,13,16,0,2,0,4,1,1800623
paintroid,34,40,157,107,11413,13756,54516,40194,24,18,4,0,2,0,0,0,0,0,0,0,0,0,134,3,27,50,141,27,0,0,0,0,1,1,1,1,1,0,0,1,1,1,-,-,1,-,-,-,0,0,0,0,0,0,0,0,0,0,-,-,0,0,0,0,0,0,0,0,0,0,0,0,0,0,0,0,0,0,0,0,0,0,0,0,0,0,0,0,0,0,0,0,0,0,0,0,0,0,0,0,0,1,0,0,1,1,1,0,0,1,1,0,1,0,1,1,0,0,1,0,0,0,1,0,0,0,0,0,4,63,3,0,16,68,6,0,0,0,4,31,1,8,0,1,0,0,0,0,0,0,0,0,0,0,0,-,-,-,-,-,-,48,0,8,0,0,0,0,0,0,0,17,21,0,17,0,0,0,0,0,0,0,0,0,0,0,0,0,0,0,0,0,0,0,0,0,0,2,3,0,0,0,0,0,0,0,0,0,0,0,0,0,0,0,3,3,0,4,0,0,0,0,0,0,0,0,0,0,0,0,0,0,0,0,0,0,0,0,0,0,0,0,0,0,0,0,0,0,0,0,0,126,2,63,116,10,121,0,5,0,3.664762,Tools,999283,4.2,0,0,0,0,0,0,0,org.catrobat.paintroid,1596191678,2,62,116,416,102,25,1,71,13,0,3,0,2,1,1800057
pdfviewer,4,12,12,2,1279,24,4116,84,2,2,2,0,2,0,0,0,0,0,0,0,0,0,5,1,2,19,7,3,0,0,0,0,0,0,0,0,0,0,0,1,1,1,-,-,1,-,-,-,0,0,0,0,0,0,0,0,0,0,-,-,0,0,0,0,0,0,0,0,0,0,0,0,0,0,0,0,0,0,0,0,0,0,0,0,0,0,0,0,0,0,0,0,0,0,0,0,0,0,0,0,0,0,0,0,0,1,0,0,0,0,0,0,1,0,0,0,0,0,0,0,0,0,0,0,0,0,0,0,0,2,0,0,0,12,0,0,0,0,0,1,0,0,0,0,0,0,0,0,0,0,0,0,0,0,0,-,-,-,-,-,-,0,0,0,0,0,0,0,0,0,0,10,2,0,12,0,0,0,0,0,0,0,0,0,0,0,0,0,0,0,0,0,0,0,0,0,0,0,0,0,0,0,0,0,0,0,0,0,0,0,1,0,0,0,1,0,0,0,0,0,0,0,0,0,0,0,0,0,0,0,0,0,0,0,0,0,0,0,0,0,0,0,0,0,0,0,0,0,0,0,0,26,7,3.7142856,24,2,26,0,0,0,4.4,Tools,18555,5.0,69,1,0,0,1,0,0,com.gsnathan.pdfviewer,1596068198,6,23,60,300,51,14,0,27,9,0,1,0,6,3,1803304
phonograph,50,0,201,0,22340,0,81270,0,45,1,2,0,0,0,0,0,0,0,0,0,0,0,40,2,8,89,53,62,0,0,0,0,0,1,1,1,1,1,0,1,1,1,-,-,1,-,-,-,0,0,0,0,0,0,0,0,0,0,-,-,0,0,0,0,0,0,0,0,0,0,0,0,0,0,0,0,0,0,0,0,0,0,0,0,0,0,0,0,0,0,0,0,0,0,0,0,0,0,0,0,0,1,0,0,1,1,0,0,0,0,0,0,0,0,0,0,0,0,0,0,0,0,0,0,0,0,0,0,52,130,0,1,18,115,2,2,0,0,0,28,1,2,0,0,1,0,0,0,0,0,0,0,0,1,0,-,-,-,-,-,-,0,0,15,0,0,0,0,0,0,0,94,50,0,24,0,0,0,0,0,0,0,0,0,0,0,0,0,0,0,0,0,0,0,0,0,0,15,0,0,0,0,0,0,0,0,0,0,0,0,0,0,0,0,19,17,0,0,0,0,0,0,0,0,0,0,0,0,0,0,0,0,0,0,0,0,0,0,0,0,0,0,0,0,0,0,0,0,0,0,12,246,18,13.666667,198,48,219,0,15,12,4.06722,Music & Audio,1944285,4.1,457,21,0,6,0,15,0,com.kabouzeid.gramophone.debug,1596185848,3,11,40,171,38,12,0,21,5,0,0,0,2,0,2102507
phyphox-android,6,9,38,1,17149,74,31248,126,4,1,2,0,4,0,0,0,0,0,0,0,0,0,26,1,7,37,32,18,0,0,0,0,0,1,1,1,1,1,0,1,1,1,-,-,1,-,-,-,0,0,0,0,0,0,0,0,0,0,-,-,0,0,0,0,0,0,1,1,0,1,1,1,1,0,1,1,1,1,0,1,0,0,0,0,0,0,0,0,0,0,0,0,0,0,0,0,0,0,0,0,0,1,0,0,1,1,0,0,0,0,1,0,1,0,1,0,0,0,1,0,0,0,0,0,0,0,0,0,2,17,1,3,8,36,0,9,12,1,0,12,1,0,0,2,0,0,0,0,0,0,0,0,4,1,0,-,-,-,-,-,-,5,0,4,0,0,0,0,0,0,2,15,8,0,10,0,0,0,0,0,0,0,0,0,0,0,0,0,0,0,0,0,0,0,0,0,0,2,4,0,0,0,1,0,0,1,0,2,0,0,1,0,0,0,4,4,0,4,0,1,0,0,0,1,0,0,0,0,0,0,0,0,0,0,0,0,0,3,0,0,0,0,0,0,0,0,0,0,0,0,0,72,3,24,50,22,63,3,6,0,4.466292,Education,854646,4.0,232,20,0,3,12,2,3,de.rwth_aachen.phyphox,1596152478,1,11,6,55,5,2,0,0,2,0,0,0,1,1,1801627
pilfershushjammer,7,16,15,2,2641,24,7014,84,4,2,2,0,2,0,0,0,0,0,0,0,0,0,2,1,16,5,6,7,0,0,0,0,1,1,1,1,1,1,0,1,1,1,-,-,1,-,-,-,0,0,0,0,0,0,0,0,0,0,-,-,0,0,0,0,0,0,0,0,0,0,0,0,0,0,0,0,0,0,0,0,0,0,0,0,0,0,0,0,0,0,0,0,0,0,0,0,0,0,0,0,0,1,0,0,0,1,0,0,0,0,0,0,1,0,0,0,0,0,0,0,0,0,0,0,0,0,0,0,0,8,0,0,8,21,0,0,0,3,2,0,0,0,0,0,0,0,0,0,0,0,0,0,0,0,0,-,-,-,-,-,-,3,0,3,0,0,0,0,0,0,0,16,0,0,0,0,0,0,0,0,0,0,0,0,0,0,0,0,0,0,0,0,0,0,0,0,0,3,0,0,0,0,0,0,0,0,0,0,0,0,0,0,0,0,0,3,0,0,0,0,0,0,0,0,0,0,0,0,0,0,0,0,0,0,0,0,0,0,0,0,0,0,0,0,0,0,0,0,0,0,0,28,1,28,25,3,25,0,3,0,4.15,Tools,37312,4.3,60,0,0,0,0,0,0,cityfreqs.com.pilfershushjammer,1596174717,1,26,31,106,25,2,0,5,15,0,7,0,1,1,1803347
pin,7,0,13,0,1290,0,3696,0,4,1,2,0,0,0,0,0,0,0,0,0,0,0,7,1,18,44,12,1,0,0,0,0,1,1,1,1,1,1,0,1,1,1,-,-,1,-,-,-,0,0,0,0,0,0,0,0,0,0,-,-,0,0,0,0,0,0,0,0,0,0,0,0,0,0,0,0,0,0,0,0,0,0,0,0,0,0,0,0,0,0,0,0,0,0,0,0,0,0,0,0,0,1,0,0,0,1,0,0,0,0,0,0,0,0,0,0,0,0,0,0,0,0,0,0,0,0,0,0,0,0,0,0,1,0,1,0,0,0,0,0,0,0,0,0,0,0,0,0,0,0,0,0,0,0,0,-,-,-,-,-,-,0,0,1,0,0,0,0,0,0,0,5,1,0,0,0,0,0,0,0,0,0,0,3,0,0,0,0,0,0,0,0,0,0,0,0,0,1,0,0,0,0,0,0,0,0,0,0,0,0,0,0,0,0,0,0,0,0,0,0,0,0,0,0,0,0,0,0,0,0,0,0,0,0,0,0,0,0,0,0,0,0,0,0,0,0,0,0,0,0,0,11,1,11,11,0,7,3,1,0,0,Tools,9,4.1,51,4,0,1,2,1,0,de.nproth.pin.debug,1595803383,1,13,10,12,5,2,0,0,2,0,4,0,1,1,1804481
piwigo-android,28,21,80,8,4744,670,15708,2100,22,6,2,0,3,0,0,0,0,0,0,0,0,0,8,1,7,5,15,13,0,0,0,0,0,1,1,1,1,1,0,1,1,1,-,-,1,-,-,-,0,0,0,0,0,0,0,0,0,0,-,-,0,0,0,0,0,0,0,0,0,0,0,0,0,0,0,0,0,0,0,0,0,0,0,0,0,0,0,0,0,0,0,0,0,0,0,0,0,0,0,0,0,1,0,0,0,0,0,0,0,0,1,0,1,1,1,0,0,0,1,1,0,0,1,0,0,0,0,0,4,9,0,0,5,12,0,1,0,0,0,6,0,0,0,0,0,0,0,0,0,0,0,0,1,0,0,-,-,-,-,-,-,7,0,3,0,0,0,0,0,0,0,12,1,0,1,0,0,0,0,0,0,0,0,0,2,3,0,0,0,0,0,0,0,0,0,0,0,1,0,0,0,0,0,0,0,0,0,0,0,0,1,0,0,0,0,0,0,0,0,0,0,0,0,0,0,0,0,0,0,0,0,0,0,0,0,0,0,0,0,0,0,0,0,0,0,0,0,0,0,0,1,32,7,4.571429,30,2,25,5,1,1,2.8510637,Photography,8053,4.1,133,2,0,0,0,0,2,org.piwigo.android.debug,1596169154,1,45,13,38,10,2,0,9,0,0,0,0,1,1,1802193
planes,12,32,48,16,4237,511,19740,1512,4,1,2,0,33,0,0,0,0,0,0,0,0,0,2,5,4,1,6,6,0,0,0,0,1,1,0,1,0,0,0,1,1,1,-,-,1,-,-,-,0,0,0,0,0,0,0,0,0,0,-,-,1,0,0,1,0,0,0,0,0,0,0,0,0,0,0,0,0,0,0,0,0,0,0,0,0,0,0,0,0,0,0,0,0,0,1,0,1,1,0,0,0,0,0,0,1,1,0,0,0,1,0,0,1,0,0,0,0,0,0,0,0,0,0,0,0,0,0,0,0,4,0,0,2,6,3,0,0,0,0,0,0,0,0,0,0,0,0,0,0,0,0,0,0,0,0,-,-,-,-,-,-,0,0,0,0,0,0,0,0,0,0,4,0,0,9,0,0,0,0,0,0,0,0,0,0,0,0,0,0,0,0,0,0,0,0,0,0,0,0,0,0,0,0,0,0,0,0,0,0,0,0,0,0,0,2,0,0,6,0,0,0,0,0,0,0,0,0,0,0,0,0,0,0,0,1,0,0,0,0,0,0,0,0,0,0,0,0,0,0,0,0,22,1,22,13,9,21,1,0,0,0,Games,12262,4.1,106,3,0,3,0,0,0,com.planes.android,1595805222,1,4,30,139,22,9,0,12,6,0,2,0,1,0,1800624
presencepublisher,20,0,67,0,2885,0,7266,0,15,1,2,0,0,0,0,0,0,0,0,0,0,0,2,2,20,4,2,7,0,0,0,0,1,1,1,1,1,1,0,1,1,1,-,-,1,-,-,-,0,0,0,0,0,0,0,0,0,0,-,-,0,0,0,0,0,0,0,0,0,0,0,0,0,0,0,0,0,0,0,1,0,0,0,0,0,0,0,0,0,0,0,0,0,0,0,0,0,0,0,0,0,1,0,0,0,1,0,0,0,0,0,0,0,0,0,0,0,0,0,0,0,0,0,0,0,0,0,0,0,7,0,0,0,6,3,0,0,0,0,0,1,0,0,0,0,0,0,0,0,0,0,0,0,0,0,-,-,-,-,-,-,0,0,2,0,0,0,0,0,0,0,0,0,0,0,0,0,0,0,0,0,0,0,0,0,0,0,0,0,0,0,0,0,0,0,0,0,0,0,0,0,0,0,0,0,0,0,2,0,0,1,0,0,0,0,0,0,0,0,0,0,0,0,0,0,0,0,0,0,0,0,0,0,0,0,0,0,0,0,0,0,0,0,0,0,0,0,0,0,0,4,9,1,9,2,7,5,0,0,4,0,House & Home,35,4.0,1,0,0,0,0,0,0,org.ostrya.presencepublisher.debug,1596163589,1,23,23,157,19,2,1,3,15,0,0,0,1,1,1800692
privacy-friendly-2048,9,10,20,2,3110,17,8316,42,5,2,2,0,0,0,0,0,0,0,0,0,0,0,4,2,1,12,10,37,0,0,0,0,0,0,0,0,0,0,0,1,1,1,-,-,1,-,-,-,0,0,0,0,0,0,0,0,0,0,-,-,0,0,0,0,0,0,0,0,0,0,0,0,0,0,0,0,0,0,0,0,0,0,0,0,0,0,0,0,0,0,0,0,0,0,0,0,0,0,0,0,0,0,0,0,0,1,0,0,0,0,0,1,1,0,0,0,0,0,0,0,0,0,0,0,0,0,0,0,0,198,0,0,70,208,6,0,0,0,0,59,0,0,0,0,0,0,0,0,0,0,0,0,0,0,0,-,-,-,-,-,-,0,0,0,0,0,0,0,0,0,0,34,32,0,29,0,0,0,0,0,0,0,0,0,0,0,0,0,0,0,0,0,0,0,0,0,0,0,0,0,0,0,0,0,0,0,0,0,0,0,0,0,0,0,1,3,0,3,0,0,0,0,0,0,0,0,0,0,0,0,0,0,0,0,0,0,0,0,0,0,0,0,0,0,0,0,0,0,0,0,0,102,8,12.75,95,7,102,0,0,0,4.714286,Games,641,5.0,578,68,0,9,59,0,0,org.secuso.privacyfriendly2048,1596159847,7,154,320,683,267,151,0,61,100,0,2,0,6,0,1800638
privacy-friendly-boardgame-clock,11,10,46,2,6604,17,20832,42,8,2,2,0,0,0,0,0,0,0,0,0,0,0,4,1,16,36,8,35,0,0,0,0,1,1,1,1,1,1,0,1,1,1,-,-,1,-,-,-,0,0,0,0,0,0,0,0,0,0,-,-,0,0,0,0,0,0,0,0,0,0,0,0,0,0,0,0,0,0,0,0,0,0,0,0,0,0,0,0,0,0,0,0,0,0,0,0,0,0,0,0,0,1,1,0,0,1,0,0,0,0,0,1,1,0,0,0,0,0,0,0,0,0,0,0,0,0,0,0,0,38,0,0,26,87,19,0,6,0,0,20,0,0,0,1,0,0,0,0,0,0,0,0,0,2,0,-,-,-,-,-,-,0,0,1,0,0,0,0,0,0,0,38,58,0,69,0,0,0,0,0,0,0,0,0,0,0,0,0,0,0,0,0,0,0,0,0,0,1,0,0,0,0,0,0,0,0,0,0,0,0,2,0,0,0,4,4,0,2,0,0,0,0,0,0,0,0,0,0,0,0,0,0,0,0,0,0,0,0,0,0,0,0,0,0,0,0,0,0,0,0,4,183,13,14.076923,167,16,178,0,1,4,0,Games,307,5.0,296,26,0,1,24,0,1,org.secuso.privacyfriendlyboardgameclock,1596168914,9,68,68,457,60,30,0,16,10,0,0,0,8,4,1802676
privacy-friendly-circuit-training-exercises,14,0,44,0,5607,0,16968,0,10,1,2,0,0,0,0,0,0,0,0,0,0,0,4,1,1,40,8,42,0,0,0,0,0,0,0,0,0,0,0,1,1,1,-,-,1,-,-,-,0,0,0,0,0,0,0,0,0,0,-,-,0,0,0,0,0,0,0,0,0,0,0,0,0,0,0,0,0,0,0,0,0,0,0,0,0,0,0,0,0,0,0,0,0,0,0,0,0,0,0,0,0,1,1,0,0,1,0,0,0,0,0,0,0,0,0,0,0,0,0,0,0,0,0,0,0,0,0,0,3,60,1,0,31,85,12,0,2,2,0,27,1,0,0,1,0,0,0,0,0,0,0,0,0,0,0,-,-,-,-,-,-,1,0,3,0,0,0,0,0,0,0,33,60,0,56,0,0,0,0,0,0,0,0,0,0,0,0,0,0,0,0,0,0,0,0,0,0,3,0,0,0,0,0,0,0,0,0,0,0,0,0,0,0,0,1,2,0,2,0,0,0,0,0,0,0,0,0,0,0,0,0,0,0,0,0,0,0,0,0,0,0,0,0,0,0,0,0,0,0,0,5,166,11,15.090909,156,10,158,0,3,5,3.6666667,Health & Fitness,1890,5.0,688,41,0,1,34,6,0,org.secuso.privacyfriendlycircuittraining,1595756395,9,55,125,670,106,39,0,39,33,0,2,0,6,6,1800802
privacy-friendly-dame,7,12,18,2,2195,73,6384,210,4,2,2,0,2,0,0,0,0,0,0,0,0,0,3,2,5,16,6,17,0,0,0,0,0,1,1,1,1,0,0,1,1,1,-,-,1,-,-,-,0,0,0,0,0,0,0,0,0,0,-,-,0,0,0,0,0,0,0,0,0,0,0,0,0,0,0,0,0,0,0,0,0,0,0,0,0,0,0,0,0,0,0,0,0,0,0,0,0,0,0,0,0,0,0,0,1,1,0,0,0,0,0,0,1,0,0,0,0,0,0,0,0,0,0,0,0,0,0,0,0,18,0,0,10,21,4,0,0,0,0,10,0,1,0,0,0,0,0,0,0,0,0,0,0,0,0,-,-,-,-,-,-,0,0,0,0,0,0,0,0,0,0,12,10,0,9,0,0,0,0,0,0,0,0,0,0,0,0,0,0,0,0,0,0,0,0,0,0,0,0,0,0,0,0,0,0,0,0,0,0,0,0,0,0,0,1,1,0,2,0,0,0,0,0,0,0,0,0,0,0,0,0,0,0,0,0,0,0,0,0,0,0,0,0,0,0,0,0,0,0,0,0,35,7,5,31,4,35,0,0,0,3.6666667,Games,475,5.0,145,10,0,0,10,0,0,org.secuso.privacyfriendlydame,1596180048,5,41,156,396,156,141,0,9,2,0,0,0,3,1,1801893
privacy-friendly-finance-manager,15,5,74,1,4985,9,18396,42,12,1,2,0,0,0,0,0,0,0,0,0,0,0,4,1,1,15,8,33,0,0,0,0,0,0,0,0,0,0,0,1,1,1,-,-,1,-,-,-,0,0,0,0,0,0,0,0,0,0,-,-,0,0,0,0,0,0,0,0,0,0,0,0,0,0,0,0,0,0,0,0,0,0,0,0,0,0,0,0,0,0,0,0,0,0,0,0,0,0,0,0,0,1,0,0,0,1,0,0,0,0,0,0,1,0,0,0,0,0,0,0,0,0,0,0,0,0,0,0,0,15,0,0,14,78,2,4,0,0,0,19,1,0,0,4,0,0,0,0,0,0,0,0,2,0,0,-,-,-,-,-,-,6,0,8,0,0,0,0,0,0,0,15,26,0,51,0,0,0,0,0,0,0,0,0,0,0,0,0,0,0,0,0,0,0,0,0,0,7,0,0,0,0,0,0,0,0,0,0,0,0,0,0,0,0,1,3,0,1,0,0,0,0,0,0,0,0,0,0,0,0,0,0,0,0,0,0,0,0,1,0,0,0,0,0,0,0,0,0,0,0,5,124,11,11.272727,113,11,111,1,7,5,4.428571,Finance,668,5.0,128,24,0,8,14,0,2,org.secuso.privacyfriendlyfinancemanager,1596174480,8,101,135,706,121,22,0,71,31,0,0,0,6,5,1801024
privacy-friendly-food-tracker,15,7,43,1,3211,74,11004,126,10,1,2,0,2,0,0,0,0,0,0,0,0,0,4,2,15,21,8,40,0,0,0,0,1,1,1,1,1,1,0,1,1,1,-,-,1,-,-,-,0,0,0,0,0,0,0,0,0,0,-,-,0,0,0,0,0,0,0,0,0,0,0,0,0,0,0,0,0,0,0,0,0,0,0,0,0,0,0,0,0,0,0,0,0,0,0,0,0,0,0,0,0,1,0,0,0,1,0,0,0,0,0,0,1,0,0,0,0,0,0,0,0,0,0,0,0,0,0,0,2,53,0,0,16,69,12,0,6,0,0,14,2,0,0,0,0,0,0,0,0,0,0,0,0,0,0,-,-,-,-,-,-,0,0,10,0,0,0,0,0,0,0,41,24,0,24,0,0,0,0,0,0,0,0,0,0,0,0,0,0,0,0,0,0,0,0,0,0,10,0,0,0,0,0,0,0,0,0,0,0,0,2,0,0,0,0,2,0,4,0,0,0,0,0,0,0,0,0,0,0,0,0,0,0,0,0,0,0,1,0,2,0,0,0,0,0,0,0,0,0,0,1,121,10,12.1,109,12,107,3,10,1,2.5,Food & Drink,293,5.0,250,16,0,2,14,0,0,org.secuso.privacyfriendlyfoodtracker,1595849248,8,39,96,432,87,18,0,60,12,0,2,0,4,0,1801180
privacy-friendly-interval-timer,14,0,35,0,3964,0,12432,0,11,1,2,0,0,0,0,0,0,0,0,0,0,0,3,2,21,44,7,38,0,0,0,0,1,1,1,1,1,1,0,1,1,1,-,-,1,-,-,-,0,0,0,0,0,0,0,0,0,0,-,-,0,0,0,0,0,0,0,0,0,0,0,0,0,0,0,0,0,0,0,0,0,0,0,0,0,0,0,0,0,0,0,0,0,0,0,0,0,0,0,0,0,1,1,0,0,1,0,0,0,0,0,0,0,0,0,0,0,0,0,0,0,0,0,0,0,0,0,0,3,63,2,0,27,90,10,0,0,2,0,18,2,0,0,0,0,0,0,0,0,0,0,0,0,0,0,-,-,-,-,-,-,1,0,6,0,0,0,0,0,0,0,34,74,0,70,0,0,0,0,0,0,0,0,0,0,0,0,0,0,0,0,0,0,0,0,0,0,0,0,0,0,0,0,0,0,0,0,0,0,0,0,0,0,0,1,2,0,1,0,0,0,0,0,0,0,0,0,0,0,0,0,0,0,0,0,0,0,0,0,0,0,0,0,0,0,0,0,0,0,0,2,191,9,21.222221,185,6,189,0,0,2,4.076923,Health & Fitness,2518,5.0,375,38,0,1,26,5,6,org.secuso.privacyfriendlyintervaltimer,1596170850,8,81,99,641,85,27,1,35,23,0,2,0,6,5,1800575
privacy-friendly-minesweeper,10,10,31,2,3664,17,8358,42,7,2,2,0,0,0,0,0,0,0,0,0,0,0,4,2,1,14,8,29,0,0,0,0,0,0,0,0,0,0,0,1,1,1,-,-,1,-,-,-,0,0,0,0,0,0,0,0,0,0,-,-,0,0,0,0,0,0,0,0,0,0,0,0,0,0,0,0,0,0,0,0,0,0,0,0,0,0,0,0,0,0,0,0,0,0,0,0,0,0,0,0,0,0,0,0,1,1,0,0,0,0,0,1,1,0,0,0,0,0,0,0,0,0,0,0,0,0,0,0,0,42,2,0,13,71,13,0,0,0,0,20,1,1,0,0,0,0,0,0,0,0,0,0,0,0,0,-,-,-,-,-,-,0,0,2,0,0,0,0,0,0,0,31,19,0,60,0,0,0,0,0,0,0,0,0,0,0,0,0,0,0,0,0,0,0,0,0,0,0,2,0,0,0,0,0,0,0,0,0,0,0,0,0,0,0,1,2,0,1,0,0,0,0,0,0,0,0,0,0,0,0,0,0,0,0,0,0,0,0,0,0,0,0,0,0,0,0,0,0,0,0,3,121,9,13.444445,114,7,116,0,2,3,4.4666667,Games,903,5.0,98,18,0,0,18,0,0,org.secuso.privacyfriendlyminesweeper,1596161534,8,58,54,503,51,20,0,23,5,0,0,0,4,2,1801154
privacy-friendly-wifi-manager,19,10,58,2,3711,128,12054,168,13,2,2,0,0,0,0,0,0,0,0,0,0,0,5,2,23,15,11,22,0,0,0,0,1,1,1,1,1,1,0,1,1,1,-,-,1,-,-,-,0,0,0,0,0,0,0,0,0,0,-,-,0,0,0,0,0,0,0,0,0,0,0,0,0,0,0,0,0,0,0,1,0,0,0,0,0,0,0,0,0,0,0,0,0,0,0,0,0,0,0,0,0,1,0,0,0,1,0,0,0,0,0,1,1,0,0,0,0,0,0,0,0,0,0,0,0,0,0,0,2,22,1,0,17,36,8,0,0,2,0,8,1,0,0,0,0,0,0,0,0,0,0,0,0,0,0,-,-,-,-,-,-,3,0,1,0,0,0,0,0,0,0,17,22,0,13,0,0,0,0,0,0,0,0,0,0,0,0,0,0,0,0,0,0,0,0,0,0,0,0,0,0,0,0,0,0,0,0,1,0,0,0,0,0,0,2,1,0,1,0,0,0,0,0,0,0,0,0,0,0,0,0,0,0,0,0,0,0,1,1,0,0,0,0,0,0,0,0,0,0,0,3,66,5,13.2,56,10,61,2,0,3,3,Tools,2390,4.1,79,10,0,2,7,0,1,org.secuso.privacyfriendlywifimanager,1596034790,4,49,38,362,35,7,0,20,8,0,0,0,2,1,1804436
pslab-android,27,0,184,0,33235,0,78330,0,18,1,2,0,0,0,0,0,0,0,0,0,0,0,15,6,33,86,21,112,0,0,0,0,1,1,1,1,1,1,0,1,1,1,-,-,1,-,-,-,0,0,0,0,0,0,0,0,0,0,-,-,0,0,0,0,0,0,1,1,0,1,1,0,0,1,1,0,0,0,0,1,0,0,0,0,0,0,0,0,0,0,0,0,0,0,0,0,0,0,0,0,0,1,1,0,1,1,0,0,0,0,0,0,0,0,0,0,0,0,0,0,0,0,0,0,0,0,0,0,9,248,4,0,102,555,70,3,38,0,0,53,6,11,0,57,1,0,0,0,0,0,0,0,2,3,0,-,-,-,-,-,-,21,0,52,0,0,0,0,0,0,0,399,354,0,431,0,0,0,0,0,0,0,2,0,0,0,0,0,0,0,0,0,4,0,0,0,0,10,0,0,0,0,0,0,0,0,0,2,0,0,1,0,0,0,20,22,1,4,0,0,0,0,0,0,0,0,0,0,0,0,0,0,0,2,0,0,0,0,0,0,0,0,0,0,0,0,0,0,0,0,5,1330,34,39.117645,1273,57,1307,8,10,5,4.73,Education,2343,6.0,1033,97,0,3,47,5,42,io.pslab,1596181980,8,113,99,578,82,25,1,38,23,0,0,0,7,5,1801984
quickref,11,12,20,3,1365,153,5880,504,6,2,2,0,3,0,0,0,0,0,0,0,0,0,2,1,5,3,6,8,0,0,0,0,0,1,1,1,1,0,0,1,1,1,-,-,1,-,-,-,0,0,0,0,0,0,0,0,0,0,-,-,0,0,0,0,0,0,0,0,0,0,0,0,0,0,0,0,0,0,0,0,0,0,0,0,0,0,0,0,0,0,0,0,0,0,0,0,0,0,0,0,0,0,0,0,0,1,0,0,0,0,1,0,1,0,1,0,0,0,0,0,0,0,0,0,0,0,0,0,3,4,0,0,2,10,0,0,0,0,0,2,2,0,0,0,0,0,0,0,0,0,0,0,0,0,0,-,-,-,-,-,-,0,0,0,0,0,0,0,0,0,0,4,5,0,7,0,0,0,0,0,0,0,0,0,0,0,0,0,0,0,0,0,0,0,0,0,0,0,0,0,0,0,0,0,0,0,0,0,0,0,0,0,0,0,0,0,0,0,0,0,0,0,0,0,0,0,0,0,0,0,0,0,0,0,0,0,0,0,0,0,0,0,0,0,0,0,0,0,0,0,1,17,2,8.5,16,1,16,0,0,1,4.58,Productivity,41574,4.1,27,3,0,0,2,1,0,io.github.easyintent.quickref,1596157788,2,160,36,659,34,2,0,19,4,0,9,0,2,0,1800390
redreader,45,8,259,2,31630,293,83958,1302,35,2,1,0,0,0,0,0,0,0,0,0,0,0,23,1,20,44,29,26,0,0,0,0,1,1,1,1,1,1,0,1,1,1,-,-,1,-,-,-,0,0,0,0,0,0,0,0,0,0,-,-,0,0,0,0,0,0,0,0,0,0,0,0,0,0,0,0,0,0,0,0,0,0,0,0,0,0,0,0,0,0,0,0,0,0,0,0,0,0,0,0,0,1,0,0,1,1,0,0,0,0,0,0,1,0,0,0,0,0,0,0,0,0,0,0,0,0,0,0,13,22,0,0,2,21,1,0,4,0,0,6,0,0,0,5,0,0,0,0,0,0,0,0,0,0,0,-,-,-,-,-,-,1,0,10,0,0,0,0,0,0,0,13,13,0,15,0,0,0,0,0,0,0,0,0,0,0,0,0,0,0,0,0,0,0,0,0,0,7,0,0,0,0,2,0,0,0,0,0,0,0,1,0,0,0,18,10,0,16,0,0,0,0,0,0,0,0,0,0,0,0,0,0,0,0,0,0,0,2,1,0,1,0,0,0,0,0,0,0,0,0,9,119,19,6.263158,59,60,99,4,7,9,3.463768,Social,10104,4.0,561,21,0,9,6,1,5,org.saiditnet.redreader,1596148601,7,175,320,2964,265,17,0,150,141,0,2,0,6,4,1800913
rsandroidapp,11,17,60,4,7094,118,24108,504,7,2,2,0,2,0,0,0,0,0,0,0,0,0,8,2,6,70,14,31,0,0,0,0,0,1,1,1,1,0,0,1,1,1,-,-,1,-,-,-,0,0,0,0,0,0,0,0,0,0,-,-,0,0,0,0,0,0,0,0,0,0,0,0,0,0,0,0,0,0,0,1,0,0,0,0,0,0,0,0,0,0,0,0,0,0,0,0,0,0,0,0,0,1,0,0,1,1,0,0,0,0,1,0,1,0,0,0,0,0,0,0,0,0,1,0,0,0,0,0,0,12,0,0,20,44,8,0,5,0,0,11,1,0,0,3,1,0,0,0,0,0,0,0,0,5,0,-,-,-,-,-,-,13,0,10,0,0,0,0,0,0,0,22,8,0,24,0,0,0,0,0,0,0,1,0,0,0,0,0,0,0,0,0,0,0,0,0,0,8,0,0,0,0,0,0,0,0,0,0,0,0,2,0,0,0,0,4,0,4,0,0,0,0,0,0,0,0,0,0,0,0,0,0,0,0,0,0,0,0,2,0,0,0,0,0,0,0,0,0,0,0,0,98,10,9.8,86,12,87,3,8,0,4.909091,Travel & Local,297,5.0,325,10,0,0,6,0,4,de.bahnhoefe.deutschlands.bahnhofsfotos.debug,1596163347,8,55,65,381,52,20,0,7,26,0,2,0,6,4,1800603
rxdroid,11,11,94,6,16512,731,53676,1680,7,2,1,0,1,0,0,0,0,0,0,0,0,0,38,1,6,5,56,32,0,0,0,0,0,1,0,1,1,0,0,1,1,1,-,-,1,-,-,-,0,0,0,0,0,0,0,0,0,0,-,-,0,0,0,0,0,0,0,0,0,0,0,0,0,0,0,0,0,0,0,0,0,0,0,0,0,0,0,0,0,0,0,0,0,0,0,0,0,0,0,0,0,1,0,0,1,1,0,0,0,0,1,1,0,0,0,0,0,0,0,0,0,0,0,0,0,0,0,0,12,28,1,0,3,29,16,0,2,0,0,17,2,0,0,0,0,0,0,0,0,0,0,0,0,1,0,-,-,-,-,-,-,0,0,0,0,0,0,0,0,0,0,11,2,0,2,0,0,0,0,0,0,0,0,0,0,5,0,0,0,0,0,0,0,0,0,0,0,0,0,0,0,0,0,0,0,1,0,1,0,0,2,0,0,0,2,2,0,1,1,0,0,0,0,0,0,0,0,0,0,0,0,0,0,0,0,0,0,1,1,0,0,0,0,0,0,0,0,0,0,0,0,32,9,3.5555556,20,12,25,7,0,0,4.48,Health & Fitness,14195,4.0,641,23,0,1,19,2,1,at.jclehner.rxdroid,1596154162,6,94,164,784,148,19,0,121,14,0,2,0,4,4,1800832
safeprice,4,0,4,0,407,0,1134,0,2,1,2,0,0,0,0,0,0,0,0,0,0,0,6,1,5,0,9,1,0,0,0,0,0,1,1,1,1,1,0,1,1,1,-,-,1,-,-,-,0,0,0,0,0,0,0,0,0,0,-,-,0,0,0,0,0,0,0,0,0,0,0,0,0,0,0,0,0,0,0,0,0,0,0,0,0,0,0,0,0,0,0,0,0,0,0,0,0,0,0,0,0,1,0,0,0,1,0,0,0,0,0,0,0,0,0,0,0,0,0,0,0,0,0,0,0,0,0,0,0,1,0,0,0,0,0,0,0,0,0,0,0,0,0,0,0,0,0,0,0,0,0,0,0,0,0,-,-,-,-,-,-,0,0,0,0,0,0,0,0,0,0,0,0,0,0,0,0,0,0,0,0,0,0,0,0,0,0,0,0,0,0,0,0,0,0,0,0,0,0,0,0,0,0,0,0,0,0,0,0,0,0,0,0,0,0,0,0,0,0,0,0,0,0,0,0,0,0,0,0,0,0,0,0,0,0,0,0,0,0,0,0,0,0,0,0,0,0,0,0,0,0,0,1,0,0,0,0,0,0,0,0,Finance,24,4.0,6,0,0,0,0,0,0,org.safecoin.safeprice,1595772661,1,23,16,55,14,1,0,5,2,0,5,0,2,1,1800995
sdbviewer,9,13,14,2,1454,67,5502,168,6,2,2,0,2,0,0,0,0,0,0,0,0,0,1,2,1,1,5,7,0,0,0,0,0,0,0,0,0,0,0,1,1,1,-,-,1,-,-,-,0,0,0,0,0,0,0,0,0,0,-,-,0,0,0,0,0,0,0,0,0,0,0,0,0,0,0,0,0,0,0,0,0,0,0,0,0,0,0,0,0,0,0,0,0,0,0,0,0,0,0,0,0,1,0,0,0,1,1,0,0,0,1,0,1,0,0,0,0,0,0,0,0,1,1,0,0,0,0,0,2,3,0,0,0,5,0,0,0,0,0,0,1,0,0,0,0,0,0,0,0,0,0,0,0,0,0,-,-,-,-,-,-,0,0,0,0,0,0,0,0,0,0,0,2,0,2,0,0,0,0,0,0,0,0,0,0,0,0,0,0,0,0,0,0,0,0,0,0,0,0,0,0,0,0,0,0,0,0,0,0,0,0,0,0,0,0,0,0,0,0,0,0,0,0,0,0,0,0,0,0,0,0,0,0,0,0,0,0,0,0,0,0,0,0,0,0,0,0,0,0,0,1,5,5,1,4,1,4,0,0,1,0,Tools,631,4.1,14,0,0,0,0,0,0,org.zephyrsoft.sdbviewer,1596225652,5,13,29,130,22,6,1,8,5,0,4,0,3,2,1800278
secondscreen,16,0,76,0,8829,0,18942,0,9,1,2,0,0,0,0,0,0,0,0,0,0,0,22,3,7,15,44,18,0,0,0,0,0,1,1,1,1,1,0,1,1,1,-,-,1,-,-,-,0,0,0,0,0,0,0,0,0,0,-,-,0,0,0,0,0,0,0,0,0,0,0,0,0,0,0,0,0,0,0,0,0,0,0,0,0,0,0,0,0,0,0,0,0,0,0,0,0,0,0,0,0,1,0,0,1,1,0,0,0,0,0,0,0,0,0,0,0,0,0,0,0,0,0,0,0,0,0,0,5,33,0,0,1,29,3,0,3,0,0,5,0,1,0,1,0,0,0,0,0,0,0,0,0,3,0,-,-,-,-,-,-,0,0,3,0,0,0,0,0,0,0,20,24,0,29,0,0,0,0,0,2,0,0,0,0,0,0,0,0,0,0,0,0,0,0,0,0,1,0,0,0,0,0,0,0,0,0,2,0,0,0,0,0,0,2,1,0,1,0,0,0,0,0,0,0,0,0,0,0,0,0,0,0,0,0,0,0,0,0,0,0,0,0,0,0,0,0,0,0,0,0,85,16,5.3125,79,6,84,0,1,0,3.8321168,Tools,941570,4.2,115,8,0,0,5,1,2,com.farmerbb.secondscreen.free.debug,1595863870,5,21,34,160,31,7,0,16,7,0,0,0,2,2,1803080
secure-quick-reliable-login,16,14,58,5,8012,492,18900,1638,10,2,2,0,3,0,0,0,0,0,0,0,0,0,32,2,3,43,37,51,0,0,0,0,0,0,0,0,0,0,0,1,1,1,-,-,1,-,-,-,0,0,0,0,0,0,0,0,0,0,-,-,0,0,0,0,0,0,0,0,0,0,0,0,0,0,0,0,0,0,0,0,0,0,0,0,0,0,0,0,0,0,0,0,0,0,0,0,0,0,0,0,0,1,0,0,1,1,0,0,0,0,1,0,1,0,0,0,0,0,1,0,0,0,0,0,0,0,0,0,1,8,0,0,1,74,66,8,5,0,0,41,3,0,0,0,0,0,0,0,0,0,0,0,2,0,0,-,-,-,-,-,-,25,0,28,0,0,0,0,0,0,0,35,52,0,32,0,0,0,0,0,0,0,0,3,0,25,0,0,0,0,0,0,0,0,0,0,0,28,0,0,0,0,0,0,0,0,0,0,0,0,0,0,0,0,1,1,0,3,0,0,0,0,0,0,0,0,1,0,0,0,0,0,0,0,0,0,0,1,3,0,0,0,0,0,0,0,0,0,0,0,1,239,31,7.709677,228,11,178,32,28,1,4.7647057,Communication,3872,4.1,329,28,0,0,28,0,0,org.ea.sqrl,1596218274,14,70,76,407,74,12,0,46,6,0,0,0,10,2,1801760
selfnet-wificonfig,4,0,2,0,290,0,504,0,2,1,2,0,0,0,0,0,0,0,0,0,0,0,2,1,5,0,3,2,0,0,0,0,0,1,1,1,1,1,0,1,1,1,-,-,1,-,-,-,0,0,0,0,0,0,0,0,0,0,-,-,0,0,0,0,0,0,0,0,0,0,0,0,0,0,0,0,0,0,0,0,0,0,0,0,0,0,0,0,0,0,0,0,0,0,0,0,0,0,0,0,0,1,0,0,0,1,0,0,0,0,0,0,0,0,0,0,0,0,0,0,0,0,0,0,0,0,0,0,0,3,0,0,0,6,1,0,0,0,0,1,0,0,0,0,0,0,0,0,0,0,0,0,0,0,0,-,-,-,-,-,-,1,0,2,0,0,0,0,0,0,0,1,1,0,1,0,0,0,0,0,0,0,0,0,0,0,0,0,0,0,0,0,0,0,0,0,0,2,0,0,0,0,0,0,0,0,0,0,0,0,0,0,0,0,0,0,0,0,0,0,0,0,0,0,0,0,0,0,0,0,0,0,0,0,0,0,0,0,0,0,0,0,0,0,0,0,0,0,0,0,0,8,2,4,8,0,6,0,2,0,0,Productivity,1497,6.0,15,0,0,0,0,0,0,de.selfnet.wifisetup,1596199772,2,9,18,61,14,3,0,6,4,0,3,0,1,1,1801051
shelter,8,12,23,2,3424,24,10794,84,5,2,2,0,2,0,0,0,0,0,0,0,0,0,4,1,1,8,7,5,0,0,0,0,0,0,0,0,0,0,0,1,1,1,-,-,1,-,-,-,0,0,0,0,0,0,0,0,0,0,-,-,0,0,0,0,0,0,0,0,0,0,0,0,0,0,0,0,0,0,0,0,0,0,0,0,0,0,0,0,0,0,0,0,0,0,0,0,0,0,0,0,0,1,0,0,1,1,0,0,0,0,0,0,1,0,0,0,0,0,0,0,0,0,0,0,0,0,0,0,1,0,0,0,0,3,0,0,0,0,0,1,1,0,0,0,0,0,0,0,0,0,0,0,0,0,0,-,-,-,-,-,-,0,0,0,0,0,0,0,0,0,0,1,3,0,1,0,0,0,0,0,0,0,0,0,0,0,0,0,0,0,0,0,0,0,0,0,0,0,0,0,0,0,0,0,0,0,0,0,0,0,0,0,0,0,0,0,0,0,0,0,0,0,0,0,0,0,0,0,0,0,0,0,0,0,0,0,0,0,0,0,0,0,0,0,0,0,0,0,0,0,1,6,4,1.5,5,1,5,0,0,1,3.82,Tools,34338,7.0,33,2,0,0,1,1,0,net.typeblog.shelter,1596208964,1,1,6,14,3,0,0,2,0,0,2,0,1,1,1804778
simple-keyboard,14,0,104,0,14107,0,48552,0,10,1,2,0,0,0,0,0,0,0,0,0,0,0,88,1,7,38,124,7,0,0,0,0,0,1,1,1,1,1,0,1,1,1,-,-,1,-,-,-,0,0,0,0,0,0,0,0,0,0,-,-,0,0,0,0,0,0,0,0,0,0,0,0,0,0,0,0,0,0,0,0,0,0,0,0,0,0,0,0,0,0,0,0,0,0,0,0,0,0,0,0,0,1,0,0,1,1,0,0,0,0,0,0,0,0,0,0,0,0,0,0,0,0,0,0,0,0,0,0,0,9,0,0,0,4,0,1,0,0,0,0,0,4,0,2,0,0,0,0,0,0,0,0,0,0,0,-,-,-,-,-,-,0,0,0,0,0,0,0,0,0,0,0,0,0,2,0,0,0,0,0,0,0,0,0,0,0,0,0,0,0,0,0,0,0,0,0,0,0,0,0,0,0,0,0,0,12,0,8,0,0,0,0,0,0,2,2,0,3,3,0,0,0,0,0,0,0,0,0,0,0,0,0,0,0,0,0,0,0,0,0,0,0,0,0,0,0,0,0,0,0,0,32,1,32,2,30,32,0,0,0,4.388889,Tools,363873,4.4,300,2,0,2,0,0,0,rkr.simplekeyboard.inputmethod,1596205338,1,1,2,12,1,0,0,0,0,0,0,0,1,1,1800460
simply-pace,7,12,15,2,717,24,3150,84,4,2,2,0,2,0,0,0,0,0,0,0,0,0,5,1,15,4,13,9,0,0,0,0,1,1,1,1,1,1,0,1,1,1,-,-,1,-,-,-,0,0,0,0,0,0,0,0,0,0,-,-,0,0,0,0,0,0,0,0,0,0,0,0,0,0,0,0,0,0,0,0,0,0,0,0,0,0,0,0,0,0,0,0,0,0,0,0,0,0,0,0,0,0,0,0,0,1,0,0,0,0,0,0,1,0,0,0,0,0,0,0,0,0,0,0,0,0,0,0,0,2,0,0,1,2,0,0,0,0,0,1,0,0,0,0,2,0,0,0,0,0,0,0,0,0,0,-,-,-,-,-,-,0,0,0,0,0,0,0,0,0,0,2,0,0,0,0,0,0,0,0,0,0,0,0,0,0,0,0,0,0,0,0,0,0,0,0,0,0,0,0,0,0,0,0,0,0,0,0,0,0,0,0,0,2,0,0,0,0,0,0,0,0,0,0,0,0,0,0,0,0,0,0,0,0,0,0,0,0,0,0,0,0,0,0,0,0,0,0,0,0,1,5,3,1.6666666,2,3,4,0,0,1,4.7777777,Sports,1435,4.4,18,1,0,0,1,0,0,com.marcospoerl.simplypace,1596222026,3,20,37,192,32,2,0,14,17,0,0,0,3,1,1800451
sine-android,5,0,12,0,1337,0,2562,0,2,1,4,0,0,0,0,0,0,0,0,0,0,0,5,1,1,0,11,19,0,0,0,0,0,0,0,0,0,0,0,1,1,1,-,-,1,-,-,-,0,0,0,0,0,0,0,0,0,0,-,-,0,0,0,0,0,0,0,0,0,0,0,0,0,0,0,0,0,0,0,0,0,0,0,0,0,0,0,0,0,0,0,0,0,0,0,0,0,0,0,0,0,1,0,0,0,1,0,0,0,0,0,0,0,0,0,0,0,0,0,0,0,0,0,0,0,0,0,0,0,7,0,0,8,14,5,0,0,0,0,6,2,1,0,0,2,0,0,0,0,0,0,0,0,1,0,-,-,-,-,-,-,0,0,0,0,0,0,0,0,0,0,12,17,0,13,0,0,0,0,0,0,0,0,0,0,0,0,0,0,0,0,0,0,0,0,0,0,0,0,0,0,0,0,0,0,0,0,1,0,0,0,0,0,0,1,0,0,0,0,0,0,0,0,0,0,0,0,0,0,0,0,0,0,0,0,0,0,0,0,0,0,0,0,0,0,0,0,0,0,0,0,44,12,3.6666667,42,2,44,0,0,0,4.46,Health & Fitness,27710,4.0.3,120,10,0,4,6,0,0,com.dosse.bwentrain.androidPlayer,1596265552,7,100,358,763,304,11,0,150,190,0,0,0,6,1,1803628
siteswap_generator,4,9,38,10,5457,276,18270,714,3,3,2,0,0,0,0,0,0,0,0,0,0,0,1,1,1,0,6,14,0,0,0,0,0,0,0,0,0,0,0,1,1,1,-,-,1,-,-,-,0,0,0,0,0,0,0,0,0,0,-,-,0,0,0,0,0,0,0,0,0,0,0,0,0,0,0,0,0,0,0,0,0,0,0,0,0,0,0,0,0,0,0,0,0,0,0,0,0,0,0,0,0,1,0,0,0,1,0,0,0,0,0,0,1,0,0,0,0,0,0,0,0,0,0,0,0,0,0,0,0,24,5,0,0,39,6,9,9,0,0,0,0,0,0,3,0,0,0,0,0,0,0,0,4,3,0,-,-,-,-,-,-,0,0,18,0,0,0,0,0,0,0,0,0,0,3,0,0,0,0,0,0,0,0,0,0,0,0,0,0,0,0,0,0,0,0,0,0,0,0,0,0,0,0,0,0,0,0,0,0,0,0,0,0,0,0,0,0,1,0,0,0,0,0,0,0,0,0,0,0,0,0,0,0,0,0,0,0,0,0,0,0,0,0,0,0,0,0,0,0,0,0,22,5,4.4,21,1,22,0,0,0,4.3333335,Sports,693,4.0.3,140,18,0,0,0,0,18,namlit.siteswapgenerator,1596241486,5,102,117,457,71,29,0,19,44,0,19,0,3,3,1801050
sleepywifi,4,12,7,2,417,24,1134,84,2,2,2,0,2,0,0,0,0,0,0,0,0,0,2,1,2,7,5,3,0,0,0,0,0,0,0,0,0,0,0,1,1,1,-,-,1,-,-,-,0,0,0,0,0,0,0,0,0,0,-,-,0,0,0,0,0,0,0,0,0,0,0,0,0,0,0,0,0,0,0,0,0,0,0,0,0,0,0,0,0,0,0,0,0,0,0,0,0,0,0,0,0,1,0,0,0,0,0,0,0,0,0,0,1,0,0,0,0,0,0,0,0,0,0,0,0,0,0,0,0,0,0,0,2,7,0,0,0,0,0,2,0,0,0,0,0,0,0,0,0,0,0,0,0,0,0,-,-,-,-,-,-,2,0,0,0,0,0,0,0,0,0,0,3,0,6,0,0,0,0,0,0,0,0,0,0,0,0,0,0,0,0,0,0,0,0,0,0,0,0,0,0,0,0,0,0,0,0,1,0,0,0,0,0,0,0,0,0,0,0,0,0,0,0,0,0,0,0,0,0,0,0,0,0,0,0,0,0,0,0,0,0,0,0,0,0,0,0,0,0,0,0,12,4,3,11,1,12,0,0,0,4.25,Tools,497,8.0,33,0,0,0,0,0,0,nl.devluuk.sleepywifi,1595813566,3,6,15,50,15,2,0,3,6,0,0,0,4,0,1803592
sumatoradictionary,17,17,56,2,6928,35,14490,84,13,2,2,0,3,0,0,0,0,0,0,0,0,0,1,1,17,85,5,11,0,0,0,0,1,1,1,1,1,1,0,1,1,1,-,-,1,-,-,-,0,0,0,0,0,0,0,0,0,0,-,-,0,0,0,0,0,0,0,0,0,0,0,0,0,0,0,0,0,0,0,0,0,0,0,0,0,0,0,0,0,0,0,0,0,0,0,0,0,0,0,0,0,1,0,0,0,1,0,0,0,0,0,0,1,0,0,0,0,0,1,0,0,0,0,0,0,0,0,0,3,18,0,0,2,18,3,0,0,0,0,1,2,0,0,0,0,0,0,0,0,0,0,0,0,0,0,-,-,-,-,-,-,3,0,0,0,0,0,0,0,0,0,8,1,0,2,0,0,0,0,0,0,0,0,0,0,0,0,0,0,0,0,0,0,0,0,0,0,1,0,0,0,0,0,0,0,0,0,0,0,0,0,0,0,0,1,0,0,0,0,0,0,0,0,0,0,0,0,0,0,0,0,0,0,0,0,0,0,0,0,0,0,0,0,0,0,0,0,0,0,0,2,18,6,3,15,3,15,0,1,2,0,Education,16,4.0,93,1,0,0,0,1,0,org.happypeng.sumatora.android.sumatoradictionary,1596259988,3,78,18,419,16,3,0,9,4,0,0,0,2,0,1801036
syncthing-android-fdroid,14,1,95,0,15940,0,35322,0,10,1,3,0,1,0,0,0,0,0,0,0,0,0,46,1,36,23,54,41,0,0,0,0,1,1,1,1,1,1,0,1,1,1,-,-,1,-,-,-,0,0,0,0,0,0,0,0,0,0,-,-,0,0,0,0,0,0,0,0,0,0,0,0,0,0,0,0,0,0,0,1,0,0,0,0,0,0,0,0,0,0,0,0,0,0,0,0,0,0,0,0,0,1,1,0,1,1,0,0,0,0,0,0,0,0,0,0,0,0,0,0,0,0,0,0,0,0,0,0,3,61,0,0,23,111,17,0,0,0,0,10,4,0,0,4,1,0,0,0,0,0,0,0,0,2,0,-,-,-,-,-,-,22,0,9,0,0,0,0,0,0,0,44,32,0,41,0,0,0,0,0,0,0,0,0,0,2,1,1,0,0,0,0,0,0,0,0,0,13,0,0,1,0,1,0,0,0,0,1,0,0,0,0,0,0,0,4,0,1,0,0,0,0,0,0,0,0,0,0,0,0,0,0,0,0,0,0,0,4,0,0,0,0,0,1,0,0,0,0,0,0,2,180,17,10.588235,166,14,155,8,14,3,4.47,Productivity,10800,4.1,0,0,0,0,0,0,0,com.github.catfriend1.syncthingandroid.debug,1596256243,1,9,26,40,24,3,0,20,0,0,2,0,1,0,1800812
tedit,14,0,36,0,7178,0,18480,0,9,1,2,0,0,0,0,0,0,0,0,0,0,0,1,1,21,24,6,25,0,0,0,0,1,1,1,1,1,1,0,1,1,1,-,-,1,-,-,-,0,0,0,0,0,0,0,0,0,0,-,-,0,0,0,0,0,0,0,0,0,0,0,0,0,0,0,0,0,0,0,0,0,0,0,0,0,0,0,0,0,0,0,0,0,0,0,0,0,0,0,0,0,1,0,0,0,1,0,0,0,0,0,0,0,0,0,0,0,0,0,0,0,0,0,0,0,0,0,0,8,76,0,0,0,136,12,10,3,0,0,54,0,0,0,0,0,0,0,0,0,0,0,0,4,3,0,-,-,-,-,-,-,0,0,2,0,0,0,0,0,0,0,9,11,0,74,0,0,0,0,0,0,0,0,0,0,0,0,0,0,0,0,0,0,0,0,0,0,0,0,0,0,0,0,0,0,0,0,0,0,0,1,0,0,0,0,2,0,4,0,0,0,0,0,0,0,0,0,4,4,0,0,0,0,2,0,0,0,5,0,0,0,0,0,0,0,0,0,0,0,0,0,118,1,118,96,22,111,7,0,0,3.25,Productivity,1273,4.0,471,62,0,4,55,1,2,com.atr.tedit,1596254424,1,52,79,224,60,48,1,11,17,0,0,0,1,1,1800798
termbot,33,13,80,13,17463,1320,40488,4032,12,3,3,1,0,0,0,0,0,0,0,0,0,0,51,3,16,31,58,30,0,0,0,0,0,1,1,1,1,1,0,1,1,1,-,-,1,-,-,-,0,0,0,0,0,0,0,0,0,0,-,-,0,0,0,0,0,0,0,0,0,0,0,0,0,0,0,0,0,0,0,0,0,0,0,0,0,0,0,0,0,0,0,0,0,0,0,0,0,0,0,0,0,1,0,0,1,1,1,0,0,0,1,1,1,1,1,0,0,0,1,0,0,0,1,0,0,0,0,0,3,21,4,0,23,91,26,4,2,0,0,31,0,3,0,3,1,0,0,0,0,0,0,0,1,0,1,-,-,-,-,-,-,37,0,20,0,0,0,0,0,0,0,13,2,0,1,0,0,0,0,0,0,0,3,0,0,0,0,0,0,0,0,0,0,0,0,0,0,9,8,5,1,0,3,0,0,0,0,4,0,0,0,0,0,0,0,1,0,5,0,0,0,1,0,0,0,0,0,0,0,0,0,0,0,0,0,0,0,3,2,0,0,0,0,1,0,3,1,0,0,0,3,125,12,10.416667,99,26,87,8,20,10,4.1549296,Tools,6576,4.0,183,19,0,6,1,0,12,org.sufficientlysecure.termbot.debug,1596250670,10,107,171,696,145,75,1,37,46,0,0,0,6,6,1800070
todoagenda,21,18,104,28,9412,2714,41244,12222,13,6,3,0,3,0,0,0,0,0,0,0,0,0,41,3,9,4,49,22,0,0,0,0,0,1,1,1,1,0,0,1,1,1,-,-,1,-,-,-,0,0,0,0,0,0,0,0,0,0,-,-,0,0,0,0,0,0,0,0,0,0,0,0,0,0,0,0,0,0,0,0,0,0,0,0,0,0,0,0,0,0,0,0,0,0,0,0,0,0,0,0,0,1,0,0,1,1,1,1,0,0,1,1,1,0,1,0,0,0,0,0,0,1,0,0,0,0,0,0,5,25,0,0,2,29,3,0,0,0,0,16,0,0,0,1,0,0,0,0,0,0,0,0,0,2,0,-,-,-,-,-,-,15,0,5,0,0,0,0,2,0,0,4,2,0,2,0,0,0,0,0,0,0,0,0,0,0,0,0,0,0,0,0,0,0,0,0,0,0,4,0,0,0,0,0,0,1,0,2,0,0,0,0,0,0,7,6,0,5,0,0,0,0,0,0,0,0,0,0,0,0,0,0,0,0,0,0,0,0,0,0,0,0,0,0,0,0,0,0,0,0,2,57,3,19,34,23,51,0,4,2,4.49,Productivity,23470,7.0,279,1,0,0,0,0,1,org.andstatus.todoagenda,1596235738,1,2,3,13,3,0,0,2,0,0,0,0,0,1,1800811
towercollector,65,0,207,0,13563,0,47208,0,37,1,2,0,0,0,0,0,0,0,0,0,0,0,12,1,7,22,65,17,0,0,0,0,0,1,1,1,1,1,0,1,1,1,-,-,1,-,-,-,0,0,0,0,0,0,0,0,0,0,-,-,0,0,0,0,0,0,0,0,0,0,0,0,0,0,0,0,0,0,0,1,0,0,0,0,0,0,0,0,0,0,0,0,0,0,0,0,0,0,0,0,0,1,0,0,1,1,0,0,0,0,0,0,0,0,0,0,0,0,0,0,0,0,0,0,0,0,0,0,1,9,7,0,0,58,0,0,11,0,0,0,1,0,0,0,0,0,0,0,0,0,0,0,0,1,0,-,-,-,-,-,-,0,0,0,0,0,0,0,0,0,0,7,7,0,2,0,0,0,0,0,0,0,0,0,0,0,0,0,0,0,0,0,0,0,0,0,0,0,0,0,0,0,0,0,0,0,0,5,0,0,1,0,0,0,1,2,0,0,0,0,0,0,0,0,0,0,0,0,0,0,0,0,0,0,0,0,0,0,0,0,0,0,0,0,0,0,0,0,0,0,0,25,3,8.333333,16,9,25,0,0,0,4.29,Tools,54673,VARY,105,30,0,0,0,30,0,info.zamojski.soft.towercollector,1595660502,2,62,33,523,30,16,0,2,11,0,0,0,2,2,1800821
trekarta,78,12,538,4,128511,452,307566,966,106,1,2,0,3,0,0,0,0,0,0,0,0,0,10,2,44,128,28,43,0,0,0,0,1,1,1,1,1,1,0,1,1,1,-,-,1,-,-,-,0,0,0,0,0,0,0,0,0,0,-,-,0,0,0,0,0,0,0,0,0,0,0,0,0,0,1,0,0,0,0,1,0,0,0,0,0,0,0,0,0,0,0,0,0,0,0,0,0,0,0,0,0,1,1,0,1,1,0,0,0,0,0,0,1,0,1,0,0,0,1,0,0,0,0,0,0,0,0,0,18,43,5,2,17,127,2,0,2,2,0,35,2,1,0,0,0,0,0,0,0,0,0,0,0,5,0,-,-,-,-,-,-,1,0,5,0,0,0,0,0,0,0,45,54,0,7,0,0,0,0,0,0,0,0,0,0,0,0,0,0,0,0,0,0,0,0,0,0,5,0,0,0,0,0,0,0,9,0,17,0,0,1,0,0,0,5,0,0,7,0,0,0,0,0,0,0,0,0,0,0,0,0,0,0,0,0,0,0,1,2,0,0,0,0,0,0,0,0,0,0,0,1,160,3,53.333332,117,43,151,3,5,1,4.31,Maps & Navigation,1906,6.0,374,59,0,1,54,4,0,mobi.maptrek,1596249103,3,47,76,175,60,25,1,30,14,0,2,0,3,1,1805212
unicodepad,5,0,21,0,4632,0,8946,0,2,1,2,0,0,0,0,0,0,0,0,0,0,0,5,1,5,0,10,4,0,0,0,0,1,1,1,1,1,0,0,1,1,1,-,-,1,-,-,-,0,0,0,0,0,0,0,0,0,0,-,-,0,0,0,0,0,0,0,0,0,0,0,0,0,0,0,0,0,0,0,0,0,0,0,0,0,0,0,0,0,0,0,0,0,0,0,0,0,0,0,0,0,1,0,0,0,1,0,0,0,0,0,0,0,0,0,0,0,0,0,0,0,0,0,0,0,0,0,0,1,7,0,0,0,3,4,0,0,0,0,0,0,0,0,1,0,0,0,0,0,0,0,0,0,0,0,-,-,-,-,-,-,5,0,1,0,0,0,0,0,0,0,1,0,0,0,0,0,0,0,0,0,0,0,0,0,0,0,0,0,0,0,0,0,0,0,0,0,0,0,0,0,0,0,0,0,0,0,1,0,0,2,0,0,0,3,3,0,5,0,0,0,0,0,0,0,0,0,0,0,0,0,0,0,0,0,0,0,1,1,0,0,0,0,0,0,0,0,0,0,0,0,23,4,5.75,7,16,21,2,0,0,4.3860626,Tools,8005903,VARY,23,6,0,5,0,0,1,jp.ddo.hotmist.unicodepad,1596265819,3,131,671,1030,626,12,1,8,608,0,36,0,3,3,1800591
video-transcoder,10,10,20,3,2918,1079,4746,798,9,2,2,0,0,0,0,0,0,0,0,0,0,0,238,13,47,120,244,161,0,0,0,0,0,1,1,1,1,1,0,1,1,1,-,-,1,-,-,-,0,0,0,0,0,0,0,0,0,0,-,-,0,0,0,0,0,0,0,0,0,0,0,0,0,0,0,0,0,0,0,0,0,0,0,0,0,0,0,0,0,0,0,0,0,0,0,0,0,0,0,0,0,1,0,0,0,1,0,0,0,0,1,0,1,1,0,1,0,0,0,0,0,1,1,0,0,0,0,0,66,136,0,0,25,149,36,2,4,0,0,90,3,0,0,24,0,0,0,0,0,0,0,0,0,0,0,-,-,-,-,-,-,8,0,7,0,0,0,0,0,0,0,113,16,0,70,0,0,0,0,0,0,0,0,0,0,0,2,2,0,0,0,0,0,0,0,0,0,15,0,0,2,0,0,0,0,0,0,0,0,0,0,0,0,0,0,0,0,0,0,0,0,0,0,0,0,0,0,0,0,0,0,0,0,0,0,0,0,0,0,0,0,0,0,0,0,0,0,0,0,0,0,235,5,47,235,0,214,4,15,2,3.17,Tools,62949,4.4,53,7,0,0,5,0,2,protect.videoeditor,1595835551,3,16,59,230,56,1,0,5,47,0,2,0,2,2,1801321
volume_control_android,12,6,22,1,1689,9,5964,42,5,1,2,0,0,0,0,0,0,0,0,0,0,0,3,2,21,11,8,12,0,0,0,0,1,1,1,1,1,1,0,1,1,1,-,-,1,-,-,-,0,0,0,0,0,0,0,0,0,0,-,-,0,0,0,0,0,0,0,0,0,0,0,0,0,0,0,0,0,0,0,0,0,0,0,0,0,0,0,0,0,0,0,0,0,0,0,0,0,0,0,0,0,1,0,0,0,1,0,0,0,0,0,0,1,0,0,0,0,0,0,0,0,0,0,0,0,0,0,0,5,12,0,1,3,18,9,0,0,4,0,2,0,2,0,1,0,0,0,0,0,0,0,0,0,0,0,-,-,-,-,-,-,0,0,0,0,0,0,0,0,0,0,5,4,0,6,0,0,0,0,0,0,0,3,0,0,0,0,0,0,0,0,0,0,0,0,0,0,1,1,0,0,0,2,0,0,0,0,2,0,0,0,0,0,0,0,0,0,0,0,0,0,0,0,0,0,0,0,0,0,0,0,0,0,0,0,0,0,0,0,0,0,0,0,0,0,0,0,0,0,0,0,24,3,8,20,4,19,3,2,0,4.16,Tools,59998,4.0.3,37,3,0,0,2,0,1,com.punksta.apps.volumecontrol,1596243526,3,44,26,238,20,1,0,11,9,0,0,0,3,2,1801271
weatherradar,8,0,14,0,1379,0,3948,0,5,1,2,0,0,0,0,0,0,0,0,0,0,0,3,1,15,27,7,8,0,0,0,0,1,1,1,1,1,1,0,1,1,1,-,-,1,-,-,-,0,0,0,0,0,0,0,0,0,0,-,-,0,0,0,0,0,0,0,0,0,0,0,0,0,0,0,0,0,0,0,0,0,0,0,0,0,0,0,0,0,0,0,0,0,0,0,0,0,0,0,0,0,1,0,0,0,0,0,0,0,0,0,0,0,0,0,0,0,0,0,0,0,0,0,0,0,0,0,0,3,3,0,0,1,14,8,0,0,3,0,1,0,0,0,3,1,0,0,0,0,0,0,0,0,0,0,-,-,-,-,-,-,1,0,0,0,0,0,0,0,0,0,5,0,0,0,0,0,0,0,0,0,0,0,0,0,0,0,0,0,0,0,0,0,0,0,0,0,0,0,0,0,0,0,0,0,0,0,0,0,0,1,0,0,0,0,0,0,0,0,0,0,0,0,0,0,0,0,0,0,0,0,0,0,0,0,0,0,0,0,0,0,0,0,0,0,0,0,0,0,0,0,7,5,1.4,6,1,7,0,0,0,3.2666667,Weather,3687,4.1,6,0,0,0,0,0,0,com.danhasting.radar,1596267761,4,72,56,221,43,11,0,27,12,0,0,0,3,3,1800406
wifisetup,4,0,1,0,330,0,378,0,1,1,2,0,0,0,0,0,0,0,0,0,0,0,1,1,4,1,2,1,0,0,0,0,1,1,1,0,0,0,0,1,1,1,-,-,1,-,-,-,0,0,0,0,0,0,0,0,0,0,-,-,0,0,0,0,0,0,0,0,0,0,0,0,0,0,0,0,0,0,0,0,0,0,0,0,0,0,0,0,0,0,0,0,0,0,0,0,0,0,0,0,0,1,0,0,0,1,0,0,0,0,0,0,0,0,0,0,0,0,0,0,0,0,0,0,0,0,0,0,0,3,0,0,0,5,1,0,1,0,0,1,0,0,0,1,0,0,0,0,0,0,0,0,0,0,0,-,-,-,-,-,-,1,0,2,0,0,0,0,0,0,0,0,0,0,1,0,0,0,0,0,0,0,0,0,0,0,0,0,0,0,0,0,0,0,0,0,0,2,0,0,0,0,0,0,0,0,0,0,0,0,0,0,0,0,0,0,0,0,0,0,0,0,0,0,0,0,0,0,0,0,0,0,0,0,0,0,0,0,0,0,0,0,0,0,0,0,0,0,0,0,0,6,1,6,6,0,4,0,2,0,4.5689654,Entertainment,10530,4.3,26,0,0,0,0,0,0,nl.eventinfra.wifisetup,1596252854,2,15,17,72,12,4,0,5,6,0,0,0,1,1,1800238
wonderdroid-x,6,0,24,0,2460,0,5754,0,3,1,2,0,0,0,0,0,0,0,0,0,0,0,4,1,7,7,14,8,0,0,0,0,0,1,1,1,1,1,1,1,1,1,-,-,1,-,-,-,0,0,0,0,0,0,0,0,0,0,-,-,0,0,0,0,0,0,0,0,0,0,0,0,0,0,0,0,0,0,0,0,0,0,0,0,0,0,0,0,0,0,0,0,0,0,0,0,0,0,0,0,0,0,0,0,0,1,0,0,0,0,0,0,0,0,0,0,0,0,0,0,0,0,0,0,0,0,0,0,1,3,0,0,3,7,16,0,0,0,0,2,1,0,0,0,0,0,0,0,0,0,0,0,0,0,0,-,-,-,-,-,-,2,0,0,0,0,0,0,0,0,0,2,3,0,3,0,0,0,0,0,0,0,0,0,0,0,0,0,0,0,0,0,0,0,0,0,0,0,0,0,0,0,0,0,0,0,0,0,0,0,0,0,0,0,1,0,0,2,0,0,0,0,0,0,0,0,0,0,0,0,0,0,0,0,0,0,0,1,0,0,0,0,0,0,0,0,0,0,0,0,0,14,3,4.6666665,10,4,13,1,0,0,3.92,Games,51444,4.0,107,1,0,1,0,0,0,com.atelieryl.wonderdroid,1596237962,2,54,50,680,41,18,1,17,8,0,2,0,2,2,1800495
world-scribe,16,10,70,2,7331,17,26502,42,10,2,4,0,0,0,0,0,0,0,0,0,0,0,4,1,4,20,10,35,0,0,0,0,0,1,1,1,0,0,0,1,1,1,-,-,1,-,-,-,0,0,0,0,0,0,0,0,0,0,-,-,0,0,0,0,0,0,0,0,0,0,0,0,0,0,0,0,0,0,0,0,0,0,0,0,0,0,0,0,0,0,0,0,0,0,0,0,0,0,0,0,0,1,0,0,1,1,0,0,0,0,0,1,1,0,0,0,0,0,0,0,0,0,0,0,0,0,0,0,1,68,0,0,6,60,24,3,1,1,0,13,0,0,0,2,0,0,0,0,0,0,0,0,1,0,0,-,-,-,-,-,-,13,0,18,0,0,0,0,0,0,0,86,108,0,93,0,0,0,0,0,0,0,0,0,0,0,0,0,0,0,0,0,0,0,0,0,0,17,0,0,0,0,0,0,0,0,0,9,0,0,1,0,0,0,3,2,0,0,0,0,0,0,0,0,0,0,0,0,0,0,0,0,0,0,0,0,0,1,1,0,0,0,0,0,0,0,0,0,0,0,7,359,21,17.095238,335,24,333,2,17,7,4.15,Productivity,70894,VARY,176,24,0,0,7,11,6,com.averi.worldscribe,1596236145,14,65,181,511,137,12,1,101,55,0,0,0,7,5,1803676
yalpstore,48,0,279,0,18084,0,65604,0,18,1,2,0,0,0,0,0,0,0,0,0,0,0,302,20,42,362,307,281,0,0,0,0,0,0,0,0,0,0,0,1,1,1,-,-,1,-,-,-,0,0,0,0,0,0,0,0,0,0,-,-,0,0,0,0,0,0,0,0,0,0,0,0,0,0,0,0,0,0,0,0,0,0,0,0,0,0,0,0,0,0,0,0,0,0,0,0,0,0,0,0,0,1,0,0,1,1,0,0,0,0,0,0,0,0,0,0,0,0,0,0,0,0,0,0,0,0,0,0,66,367,5,0,35,471,81,2,17,0,0,174,37,0,6,10,0,0,0,0,0,0,0,0,0,10,0,-,-,-,-,-,-,80,0,27,0,0,0,0,0,0,0,89,33,0,282,0,0,0,0,0,0,0,0,0,0,0,0,0,0,0,0,0,0,0,0,0,0,41,0,0,2,0,0,0,0,5,0,0,0,0,2,0,0,0,0,0,0,1,0,0,0,0,0,0,0,0,0,0,0,0,0,0,0,0,0,0,0,1,1,0,0,0,0,0,0,0,0,0,0,0,0,564,17,33.17647,554,10,519,2,41,2,0,Tools,281,2.0,358,14,0,0,14,0,0,com.github.kiliakin.yalpstore.contemporary.debug,1596258413,11,117,150,800,119,37,2,21,70,2,4,0,7,7,1800824
your-local-weather,13,13,129,2,26511,98,61110,294,10,1,2,0,2,0,0,0,0,0,0,0,0,0,44,1,7,2,51,36,0,0,0,0,0,1,1,1,1,1,1,1,1,1,-,-,1,-,-,-,0,0,0,0,0,0,0,0,0,0,-,-,0,0,0,0,0,0,1,0,0,0,0,0,0,0,0,0,0,0,0,1,0,0,0,0,0,0,0,0,0,0,0,0,0,0,0,0,0,0,0,0,0,1,1,0,1,1,0,0,0,1,1,0,1,0,0,0,0,0,0,0,0,0,1,0,0,0,0,0,1,159,0,0,9,254,5,0,24,20,0,74,3,0,0,8,0,0,0,0,0,0,0,0,0,0,0,-,-,-,-,-,-,61,0,7,0,0,0,0,0,0,0,61,59,0,111,0,0,0,0,0,0,0,0,0,0,0,0,0,0,0,0,0,0,0,0,0,0,0,6,0,0,0,0,0,0,20,0,26,0,0,0,0,0,0,10,11,0,4,0,0,0,1,0,0,0,0,0,0,0,0,0,0,0,0,0,0,0,0,0,0,0,0,0,0,0,0,0,0,0,0,6,383,12,31.916666,305,78,371,0,6,6,3.9482758,Weather,5491,4.0,760,43,0,23,13,0,7,org.thosp.yourlocalweather,1596273315,8,65,102,476,89,21,1,56,16,0,0,0,5,3,1802807
