APP,DIR,DIR_TEST,ARQ_SRC,TEST_SRC,LINES_SRC,TestLINES_SRC,METH_SRC,testMETH_SRC,PCKG_SRC,TEST_PCKG,AS_Studio,Eclipse,XML,JS,HTML,CSS,H,C,CPP,RB,PY,SCALA,DIR_VALUES,DIR_LAYOUT,DIR_DRAWABLE,ARQ_DRAWABLE,ARQ_VALUES,ARQ_LAYOUT,INTSMALL,INTNORMAL,INTLARGE,INTXLARGE,INTLDPI,INTMDPI,INTHDPI,INTXDPI,INTXXDPI,INTXXXDPI,INTNODPI,isBlResizeable,isBlSmallScreens,isBlNormalScreens,isBlLargeScreens,isBlXlargeScreens,isBlAnyDensity,getIntRequiresSmallestWidthDp,getIntCompatibleWidthLimitDp,getIntLargestWidthLimitDp,getScreenSize,getScreenDensity,isReqFiveWayNav,isReqHardKeyboard,getReqKeyboardType,getReqNavigation,getReqTouchScreen,getMinSdkVersion,getTargetSdkVersion,getMaxSdkVersion,getIntPortrait,getIntLandscape,getNetworkState,getNetworkState,getBluetooth,getBluetoothAdmin,getInternet,getChangeNetworkState,getChangeWifiState,getSrcAccelerometer,getSrcAmbient_temperature,getSrcGravity,getSrcGyroscope,getSrcLight,getSrcLinear_acceleration,getSrcMagnetic_field,getSrcOrientation,getSrcPressure,getSrcProximity,getSrcRelative_humidity,getSrcRotation_vector,getSrcTemperature,getSrcGpsLocation,getTesteAccelerometer,getTesteAmbient_temperature,getTesteGravity,getTesteGyroscope,getTesteLight,getTesteLinear_acceleration,getTesteMagnetic_field,getTesteOrientation,getTestePressure,getTesteProximity,getTesteRelative_humidity,getTesteRotation_vector,getTesteTemperature,getTesteGpsLocation,XMLgetStWifi,XMLgetStBluetooth,XMLgetStInternet,XMLgetStNetwork,XMLgetStLocation,XMLgetStAccess_gps,XMLgetStRecord_audio,getSrcConnected,getSrcGUI,getSrcResources,getSrcSensors,getSrcMultiple,getTesteConnected,getTesteGUI,getTesteResources,getTesteSensors,getTesteMultiple,getStandroid,getStjunit,getStrobolectric,getSthamcrest,getStfest,getStrobotium,getStselenium,getStespresso,getStuiautomator,getSteasymock,getStmock,getStmockito,getStmonkeyrunner,getStappium,getSttestng,getStjmeter,getStselendroid,getStFrameLayout,getStLinearLayout,getStTableLayout,getStGridLayout,getStRelativeLayout,getStTextView,getStButton,getStRadioButton,getStCheckBox,getStSwitch,getStToggleButton,getStImageView,getStProgressBar,getStSeekBar,getStRatingBar,getStSpinner,getStWebView,getStText,getStEditText,getStPersonName,getStPassword,getStPhone,getStMultilineText,getStNumber,getStRadioGroup,getStListView,getStGridView,getOnswipetouchlistener,getOndoubletaplistener,getOnscalegesturelistener,getShakelistener,getOndraglistener,getOnscrolllistener,XML_android:contentDescription,XML_android:screenOrientation,XML_android:inputType,XML_android:inputMethod,XML_android:phoneNumber,XML_android:password,XML_android:numeric,XML_android:digits,XML_android:autoText,XML_android:editable,XML_android:cursorVisible,XML_android:background,XML_android:textColor,XML_android:autoSizeTextType,XML_android:textSize,XML_android:textScaleX,XML_android:autoSizeMaxTextSize,XML_android:autoSizeMinTextSize,XML_android:autoSizePresetSizes,XML_android:lineSpacingMultiplier,XML_android:lineSpacingExtra,XML_android:letterSpacing,XML_android:animateLayoutChanges,XML_android:nextFocusForward,XML_android:nextFocusUp,XML_android:nextFocusDown,XML_android:nextFocusLeft,XML_android:nextFocusRight,XML_android:accessibilityPaneTitle,XML_android:accessibilityTraversalBefore,XML_android:accessibilityTraversalAfter,XML_android:accessibilityHeading,XML_android:cursorVisible,XML_androind:minWidth,XML_androind:minHeight,XML_androind:screenReaderFocusable,XML_androind:focusable,XML_android:hint,XML_android:labelFor,XML_android:accessibilityLiveRegion,XML_android:importantForAccessibility,XML_android:hapticFeedbackEnabled,SRC_setContentDescription,SRC_addCaptioningChangeListener,SRC_getFontScale,SRC_getLocale,SRC_getUserStyle,SRC_isEnabled,SRC_removeCaptioningChangeListener,SRC_setScreenOrientation,SRC_setInputType,SRC_setKeyListener,SRC_setKeyListener,SRC_setTransformationMethod,SRC_setKeyListener,SRC_setKeyListener,SRC_setAutoText,SRC_setEditable,SRC_setCursorVisible,SRC_setBackgroundColor,SRC_setTextColor,SRC_setAutoSizeTextTypeWithDefaults,SRC_setTextSize,SRC_setTextScaleX,SRC_setAutoSizeTextTypeUniformWithConfiguration,SRC_setAutoSizeTextTypeUniformWithConfiguration,SRC_setAutoSizeTextTypeUniformWithPresetSizes,SRC_setLineSpacing,SRC_setLineSpacing,SRC_setLetterSpacing,SRC_setLayoutTransition,SRC_setNextFocusForwardId,SRC_setNextFocusUpId,SRC_setNextFocusDownId,SRC_setNextFocusLeftId,SRC_setNextFocusRightId,SRC_setAccessibilityPaneTitle,SRC_setAccessibilityTraversalBefore,SRC_setAccessibilityTraversalAfter,SRC_setAccessibilityHeading,SRC_setCursorVisible,SRC_setMinWidth,SRC_setMinHeight,SRC_setScreenReaderFocusable,SRC_setFocusable,SRC_setHint,SRC_setLabelFor,SRC_onInitializeAccessibilityNodeInfo,SRC_replaceAccessibilityAction,SRC_setAccessibilityLiveRegion,SRC_setImportantForAccessibility,SRC_setHapticFeedbackEnabled,SRC_sendAccessibilityEvent,SRC_sendAccessibilityEventUnchecked,SRC_dispatchPopulateAccessibilityEvent,SRC_onPopulateAccessibilityEvent,SRC_onRequestSendAccessibilityEvent,SRC_onBindViewHolder,TOTAL_ACC_ATTRIBUTES,ACTIVITIES,SCORE_ACC_NORMALIZED,XML_ATT,SRC_ATT,ATT_Perceivable,ATT_Operable,ATT_Understandable,ATT_Robust
androidnetworktools,11,17,17,10,1380.0,282.0,4998,1512,6,3,3,0,1,0,0,0,0,0,0,0,0,0,3,1,0,0,6,2,0,0,0,0,0,0,0,0,0,0,0,1,1,1,-,-,1,-,-,-,0,0,0,0,0,0,0,0,0,0,-,-,0,0,0,0,0,0,0,0,0,0,0,0,0,0,0,0,0,0,0,0,0,0,0,0,0,0,0,0,0,0,0,0,0,0,0,0,0,0,0,0,0,0,1,0,0,0,0,1,0,0,0,1,1,1,0,0,0,0,0,1,0,0,0,0,0,0,0,0,0,0,5,0,0,0,1,4,0,0,0,0,0,0,0,0,0,0,0,0,0,0,0,0,0,0,0,0,-,-,-,-,-,-,0,0,1,0,0,0,0,0,0,0,0,1,0,0,0,0,0,0,0,0,0,0,0,0,0,0,0,0,0,0,0,0,0,0,0,0,0,1,0,0,0,0,0,0,0,0,0,0,0,0,0,0,0,0,0,0,0,0,0,0,0,0,0,0,0,0,0,0,0,0,0,0,0,0,0,0,0,0,0,0,0,0,0,0,0,0,0,0,0,0,0,0,0,0,0,0,0,0,3,1,3.0,3,0,2,0,1,0
privacy-friendly-boardgame-clock,11,10,46,2,6604.0,17.0,20832,42,8,2,2,0,0,0,0,0,0,0,0,0,0,0,4,1,16,36,8,35,0,0,0,0,1,1,1,1,1,1,0,1,1,1,-,-,1,-,-,-,0,0,0,0,0,0,0,0,0,0,-,-,0,0,0,0,0,0,0,0,0,0,0,0,0,0,0,0,0,0,0,0,0,0,0,0,0,0,0,0,0,0,0,0,0,0,0,0,0,0,0,0,0,0,1,1,0,0,1,0,0,0,0,0,1,1,0,0,0,0,0,0,0,0,0,0,0,0,0,0,0,0,38,0,0,26,87,19,0,6,0,0,20,0,0,0,1,0,0,0,0,0,0,0,0,0,2,0,-,-,-,-,-,-,0,0,1,0,0,0,0,0,0,0,0,38,58,0,69,0,0,0,0,0,0,0,0,0,0,0,0,0,0,0,0,0,0,0,0,0,0,1,0,0,0,0,0,0,0,0,0,0,0,0,2,0,0,0,0,0,0,0,0,4,4,0,2,0,0,0,0,0,0,0,0,0,0,0,0,0,0,0,0,0,0,0,0,0,0,0,0,0,0,0,0,0,0,0,0,0,0,4,183,13,14.076923,167,16,178,0,1,4
getoffyourphone,12,33,23,6,3216.0,118.0,9702,504,4,4,4,0,3,0,0,0,0,0,0,0,0,0,7,4,12,4,14,12,0,0,0,0,1,1,1,1,1,1,0,1,1,1,-,-,1,-,-,-,0,0,0,0,0,0,0,0,0,0,-,-,0,0,0,0,0,0,0,0,0,0,0,0,0,0,0,0,0,0,0,0,0,0,0,0,0,0,0,0,0,0,0,0,0,0,0,0,0,0,0,0,0,0,1,0,0,1,1,0,0,0,0,1,1,1,0,1,0,0,0,0,0,0,0,0,0,0,0,0,0,2,12,0,0,4,20,1,0,0,0,0,4,0,0,0,0,0,0,0,0,0,0,0,0,0,1,0,-,-,-,-,-,-,2,0,0,0,0,0,0,0,0,0,0,11,5,0,15,0,0,0,0,0,0,0,0,0,0,0,0,0,0,0,0,0,0,0,0,0,0,0,0,0,0,0,0,0,0,0,0,0,0,0,0,0,0,0,0,0,0,0,0,0,0,0,1,0,0,0,0,0,0,0,0,0,0,0,0,0,0,0,0,0,0,0,0,0,0,0,0,0,0,0,0,0,0,0,0,0,0,1,35,5,7.0,33,2,34,0,0,1
sine-android,5,0,12,0,1337.0,0.0,2562,0,2,1,4,0,0,0,0,0,0,0,0,0,0,0,5,1,1,0,11,19,0,0,0,0,0,0,0,0,0,0,0,1,1,1,-,-,1,-,-,-,0,0,0,0,0,0,0,0,0,0,-,-,0,0,0,0,0,0,0,0,0,0,0,0,0,0,0,0,0,0,0,0,0,0,0,0,0,0,0,0,0,0,0,0,0,0,0,0,0,0,0,0,0,0,1,0,0,0,1,0,0,0,0,0,0,0,0,0,0,0,0,0,0,0,0,0,0,0,0,0,0,0,7,0,0,8,14,5,0,0,0,0,6,2,1,0,0,2,0,0,0,0,0,0,0,0,1,0,-,-,-,-,-,-,0,0,0,0,0,0,0,0,0,0,0,12,17,0,13,0,0,0,0,0,0,0,0,0,0,0,0,0,0,0,0,0,0,0,0,0,0,0,0,0,0,0,0,0,0,0,0,1,0,0,0,0,0,0,0,0,0,0,0,1,0,0,0,0,0,0,0,0,0,0,0,0,0,0,0,0,0,0,0,0,0,0,0,0,0,0,0,0,0,0,0,0,0,0,0,0,0,0,44,12,3.6666667,42,2,44,0,0,0
onpc,13,0,115,0,17446.0,0.0,42756,0,8,1,2,0,0,0,0,0,0,0,0,0,0,0,5,1,16,318,16,27,0,0,0,0,1,1,1,1,1,1,1,1,1,1,-,-,1,-,-,-,0,0,0,0,0,0,0,0,0,0,-,-,0,0,0,0,0,0,0,0,0,0,0,0,0,0,0,0,0,0,0,0,0,0,0,0,0,0,0,0,0,0,0,0,0,0,0,0,0,0,0,0,0,0,1,1,0,1,1,0,0,0,0,0,0,0,0,0,0,0,0,0,0,0,0,0,0,0,0,0,0,0,99,0,0,4,75,0,0,2,0,0,3,0,0,0,0,0,0,0,0,0,0,0,0,1,1,0,-,-,-,-,-,-,25,0,6,0,0,0,0,1,0,0,0,10,1,0,2,2,0,0,0,0,0,0,0,0,0,0,0,0,0,0,0,0,0,0,0,0,0,0,0,0,0,0,3,0,0,0,0,9,0,0,0,0,0,0,0,0,0,0,0,0,5,0,1,0,0,0,0,0,0,0,0,0,0,0,0,0,0,0,0,0,0,0,0,0,1,0,0,0,0,0,0,0,0,0,0,0,0,0,66,5,13.2,47,19,65,0,1,0
lttrs-android,18,0,135,0,8726.0,0.0,31038,0,13,1,2,0,0,0,0,0,0,0,0,0,0,0,13,1,6,45,20,18,0,0,0,0,0,1,1,1,1,1,0,1,1,1,-,-,1,-,-,-,0,0,0,0,0,0,0,0,0,0,-,-,0,0,0,0,0,0,0,0,0,0,0,0,0,0,0,0,0,0,0,0,0,0,0,0,0,0,0,0,0,0,0,0,0,0,0,0,0,0,0,0,0,0,1,0,0,0,1,0,0,0,0,0,0,0,0,0,0,0,0,0,0,0,0,0,0,0,0,0,0,5,19,0,0,14,28,0,0,0,0,0,19,4,0,0,0,0,0,0,0,0,0,0,0,0,0,0,-,-,-,-,-,-,4,0,5,0,0,0,0,0,0,0,0,30,7,0,4,0,0,0,0,0,2,0,0,0,0,0,0,0,0,0,0,0,0,0,0,0,0,5,0,0,0,0,0,0,0,0,0,0,0,0,0,0,0,0,0,0,0,0,0,3,0,0,1,0,0,0,0,0,0,0,0,0,0,0,0,0,0,0,0,0,0,0,0,0,0,0,0,0,0,0,0,0,0,0,0,0,0,3,64,4,16.0,57,7,56,0,5,3
termbot,33,13,80,13,17463.0,1320.0,40488,4032,12,3,3,1,0,0,0,0,0,0,0,0,0,0,51,3,16,31,58,30,0,0,0,0,0,1,1,1,1,1,0,1,1,1,-,-,1,-,-,-,0,0,0,0,0,0,0,0,0,0,-,-,0,0,0,0,0,0,0,0,0,0,0,0,0,0,0,0,0,0,0,0,0,0,0,0,0,0,0,0,0,0,0,0,0,0,0,0,0,0,0,0,0,0,1,0,0,1,1,1,0,0,0,1,1,1,1,1,0,0,0,1,0,0,0,1,0,0,0,0,0,3,21,4,0,23,91,26,4,2,0,0,31,0,3,0,3,1,0,0,0,0,0,0,0,1,0,1,-,-,-,-,-,-,37,0,20,0,0,0,0,0,0,0,0,13,2,0,1,0,0,0,0,0,0,0,3,0,0,0,0,0,0,0,0,0,0,0,0,0,0,9,8,5,1,0,3,0,0,0,0,4,0,0,0,0,0,0,0,0,0,0,0,0,1,0,5,0,0,0,0,2,2,0,0,0,0,0,0,0,0,0,0,0,0,0,0,0,3,2,0,0,0,0,1,0,3,1,0,0,0,3,126,12,10.5,99,27,88,3,22,13
wonderdroid-x,6,0,24,0,2460.0,0.0,5754,0,3,1,2,0,0,0,0,0,0,0,0,0,0,0,4,1,7,7,14,8,0,0,0,0,0,1,1,1,1,1,1,1,1,1,-,-,1,-,-,-,0,0,0,0,0,0,0,0,0,0,-,-,0,0,0,0,0,0,0,0,0,0,0,0,0,0,0,0,0,0,0,0,0,0,0,0,0,0,0,0,0,0,0,0,0,0,0,0,0,0,0,0,0,0,0,0,0,0,1,0,0,0,0,0,0,0,0,0,0,0,0,0,0,0,0,0,0,0,0,0,0,1,3,0,0,3,7,16,0,0,0,0,2,1,0,0,0,0,0,0,0,0,0,0,0,0,0,0,-,-,-,-,-,-,2,0,0,0,0,0,0,0,0,0,0,2,3,0,3,0,0,0,0,0,0,0,0,0,0,0,0,0,0,0,0,0,0,0,0,0,0,0,0,0,0,0,0,0,0,0,0,0,0,0,0,0,0,0,0,0,0,0,0,1,0,0,2,0,0,0,0,0,0,0,0,0,0,0,0,0,0,0,0,0,0,0,0,0,1,0,0,0,0,0,0,0,0,0,0,0,0,0,14,3,4.6666665,10,4,13,0,1,0
fediphoto,3,2,9,0,1680.0,0.0,2772,0,2,1,2,0,2,0,0,0,0,0,0,0,0,0,6,1,1,2,10,4,0,0,0,0,0,0,0,0,0,0,0,1,1,1,-,-,1,-,-,-,0,0,0,0,0,0,0,0,0,0,-,-,0,0,0,0,0,0,0,0,0,0,0,0,0,0,0,0,0,0,0,0,0,0,0,0,0,0,0,0,0,0,0,0,0,0,0,0,0,0,0,0,0,0,1,0,0,1,1,0,0,0,0,0,0,0,0,0,0,0,0,0,0,0,0,0,0,0,0,0,0,0,3,0,0,0,9,1,4,2,0,0,0,0,0,0,0,1,0,0,0,0,0,0,0,1,0,0,-,-,-,-,-,-,0,0,4,0,0,0,0,0,0,0,0,0,0,0,0,0,0,0,0,0,0,0,0,0,0,0,0,0,0,0,0,0,0,0,0,0,0,0,4,0,0,0,0,0,0,0,0,0,0,0,1,0,0,0,0,0,0,0,0,0,0,0,0,0,0,0,0,0,0,0,0,0,0,0,0,0,0,0,0,0,0,0,0,0,0,0,0,0,0,0,0,0,0,0,0,0,0,0,9,5,1.8,8,1,5,0,4,0
10000sentences,25,11,68,3,5334.0,106.0,16884,336,14,2,4,0,0,0,0,0,0,0,0,0,0,0,3,1,2,7,7,16,0,0,0,0,0,0,0,0,0,0,0,1,1,1,-,-,1,-,-,-,0,0,0,0,0,0,0,0,0,0,-,-,0,0,0,0,0,0,0,0,0,0,0,0,0,0,0,0,0,0,0,0,0,0,0,0,0,0,0,0,0,0,0,0,0,0,0,0,0,0,0,0,0,0,1,0,0,0,1,0,0,0,0,0,0,1,0,0,0,0,0,0,0,0,0,0,0,0,0,0,0,0,39,1,0,4,51,16,0,0,0,0,1,0,0,0,0,1,0,0,0,0,0,0,0,0,5,0,-,-,-,-,-,-,0,0,0,0,0,0,0,0,0,0,0,5,36,0,33,0,0,0,0,0,0,0,0,0,0,0,0,0,0,0,0,0,0,0,0,0,0,0,0,0,0,0,0,0,0,0,0,0,0,0,1,0,0,0,0,0,0,0,0,0,2,0,2,0,0,0,0,0,0,0,0,0,0,0,0,0,0,0,0,0,0,0,0,0,0,0,1,0,0,0,0,0,0,0,0,0,0,0,80,10,8.0,74,6,79,0,1,0
privacy-friendly-food-tracker,15,7,43,1,3211.0,74.0,11004,126,10,1,2,0,2,0,0,0,0,0,0,0,0,0,4,2,15,21,8,40,0,0,0,0,1,1,1,1,1,1,0,1,1,1,-,-,1,-,-,-,0,0,0,0,0,0,0,0,0,0,-,-,0,0,0,0,0,0,0,0,0,0,0,0,0,0,0,0,0,0,0,0,0,0,0,0,0,0,0,0,0,0,0,0,0,0,0,0,0,0,0,0,0,0,1,0,0,0,1,0,0,0,0,0,0,1,0,0,0,0,0,0,0,0,0,0,0,0,0,0,0,2,53,0,0,16,69,12,0,6,0,0,14,2,0,0,0,0,0,0,0,0,0,0,0,0,0,0,-,-,-,-,-,-,0,0,10,0,0,0,0,0,0,0,0,41,24,0,24,0,0,0,0,0,0,0,0,0,0,0,0,0,0,0,0,0,0,0,0,0,0,10,0,0,0,0,0,0,0,0,0,0,0,0,2,0,0,0,0,0,0,0,0,0,2,0,4,0,0,0,0,0,0,0,0,0,0,0,0,0,0,0,0,0,0,0,0,0,1,0,2,0,0,0,0,0,0,0,0,0,0,1,121,10,12.1,109,12,107,0,13,1
pin,7,0,13,0,1290.0,0.0,3696,0,4,1,2,0,0,0,0,0,0,0,0,0,0,0,7,1,18,44,12,1,0,0,0,0,1,1,1,1,1,1,0,1,1,1,-,-,1,-,-,-,0,0,0,0,0,0,0,0,0,0,-,-,0,0,0,0,0,0,0,0,0,0,0,0,0,0,0,0,0,0,0,0,0,0,0,0,0,0,0,0,0,0,0,0,0,0,0,0,0,0,0,0,0,0,1,0,0,0,1,0,0,0,0,0,0,0,0,0,0,0,0,0,0,0,0,0,0,0,0,0,0,0,0,0,0,1,0,1,0,0,0,0,0,0,0,0,0,0,0,0,0,0,0,0,0,0,0,0,-,-,-,-,-,-,0,0,1,0,0,0,0,0,0,0,0,5,1,0,0,0,0,0,0,0,0,0,0,3,0,0,0,0,0,0,0,0,0,0,0,0,0,1,0,0,0,0,0,0,0,0,0,0,0,0,0,0,0,0,0,0,0,0,0,0,0,0,0,0,0,0,0,0,0,0,0,0,0,0,0,0,0,0,0,0,0,0,0,0,0,0,0,0,0,0,0,0,0,0,0,0,0,0,11,1,11.0,11,0,7,3,1,0
quickref,11,12,20,3,1365.0,153.0,5880,504,6,2,2,0,3,0,0,0,0,0,0,0,0,0,2,1,5,3,6,8,0,0,0,0,0,1,1,1,1,0,0,1,1,1,-,-,1,-,-,-,0,0,0,0,0,0,0,0,0,0,-,-,0,0,0,0,0,0,0,0,0,0,0,0,0,0,0,0,0,0,0,0,0,0,0,0,0,0,0,0,0,0,0,0,0,0,0,0,0,0,0,0,0,0,0,0,0,0,1,0,0,0,0,1,0,1,0,1,0,0,0,0,0,0,0,0,0,0,0,0,0,3,4,0,0,2,10,0,0,0,0,0,2,2,0,0,0,0,0,0,0,0,0,0,0,0,0,0,-,-,-,-,-,-,0,0,0,0,0,0,0,0,0,0,0,4,5,0,7,0,0,0,0,0,0,0,0,0,0,0,0,0,0,0,0,0,0,0,0,0,0,0,0,0,0,0,0,0,0,0,0,0,0,0,0,0,0,0,0,0,0,0,0,0,0,0,0,0,0,0,0,0,0,0,0,0,0,0,0,0,0,0,0,0,0,0,0,0,0,0,0,0,0,0,0,0,0,0,0,0,0,1,17,2,8.5,16,1,16,0,0,1
exodus-android-app,10,12,21,2,2398.0,24.0,6006,84,7,2,2,0,0,0,0,0,0,0,0,0,0,0,8,1,17,21,11,9,0,0,0,0,1,1,1,1,1,1,0,1,1,1,-,-,1,-,-,-,0,0,0,0,0,0,0,0,0,0,-,-,0,0,0,0,0,0,0,0,0,0,0,0,0,0,0,0,0,0,0,0,0,0,0,0,0,0,0,0,0,0,0,0,0,0,0,0,0,0,0,0,0,0,1,0,0,0,1,0,0,0,0,0,0,1,0,0,0,0,0,0,0,0,0,0,0,0,0,0,0,3,6,0,0,3,55,0,0,0,0,0,5,3,0,0,0,0,0,0,0,0,0,0,0,0,0,0,-,-,-,-,-,-,1,0,0,0,0,0,0,0,0,0,0,6,29,0,25,0,0,0,0,0,0,0,0,0,0,0,0,0,0,0,0,0,0,0,0,0,0,0,0,0,0,0,0,0,0,0,0,0,0,0,0,0,0,0,0,0,0,0,0,0,0,0,0,0,0,0,0,0,0,0,0,0,0,0,0,0,0,0,0,0,0,0,0,0,0,0,0,0,0,0,0,0,0,0,0,0,0,3,64,1,64.0,61,3,61,0,0,3
activitydiary,15,515,41,65,6370.0,18703.0,14616,3402,12,49,2,0,602,0,0,0,0,0,0,0,0,0,24,1,6,2,49,20,0,0,0,0,0,1,1,1,1,1,0,1,1,1,-,-,1,-,-,-,0,0,0,0,0,0,0,0,0,0,-,-,0,0,0,0,0,0,0,0,0,0,0,0,0,0,0,0,0,0,0,0,1,0,0,0,0,0,0,0,0,0,0,0,0,0,0,0,0,0,0,0,0,0,0,0,0,0,1,0,0,0,0,1,0,1,1,0,0,0,0,0,0,0,0,0,0,0,0,0,0,2,20,0,0,3,21,4,0,1,0,0,8,0,0,0,1,0,0,0,0,0,0,0,0,0,1,0,-,-,-,-,-,-,13,0,3,0,0,0,0,0,0,0,0,6,1,0,14,0,0,0,0,0,0,0,0,0,0,0,0,0,0,0,0,0,0,0,0,0,0,2,0,0,0,0,1,0,0,0,0,0,0,0,0,0,0,0,0,0,0,0,0,6,5,0,1,0,0,0,0,0,0,0,0,0,0,0,0,0,0,0,0,0,0,0,0,0,0,0,0,0,0,0,0,0,0,0,0,0,0,3,55,11,5.0,39,16,50,0,2,3
pilfershushjammer,7,16,15,2,2641.0,24.0,7014,84,4,2,2,0,2,0,0,0,0,0,0,0,0,0,2,1,16,5,6,7,0,0,0,0,1,1,1,1,1,1,0,1,1,1,-,-,1,-,-,-,0,0,0,0,0,0,0,0,0,0,-,-,0,0,0,0,0,0,0,0,0,0,0,0,0,0,0,0,0,0,0,0,0,0,0,0,0,0,0,0,0,0,0,0,0,0,0,0,0,0,0,0,0,0,1,0,0,0,1,0,0,0,0,0,0,1,0,0,0,0,0,0,0,0,0,0,0,0,0,0,0,0,8,0,0,8,21,0,0,0,3,2,0,0,0,0,0,0,0,0,0,0,0,0,0,0,0,0,-,-,-,-,-,-,3,0,3,0,0,0,0,0,0,0,0,16,0,0,0,0,0,0,0,0,0,0,0,0,0,0,0,0,0,0,0,0,0,0,0,0,0,3,0,0,0,0,0,0,0,0,0,0,0,0,0,0,0,0,0,0,0,0,0,0,3,0,0,0,0,0,0,0,0,0,0,0,0,0,0,0,0,0,0,0,0,0,0,0,0,0,0,0,0,0,0,0,0,0,0,0,0,0,28,1,28.0,25,3,25,0,3,0
hu-eduroam,4,0,2,0,591.0,0.0,1050,0,2,1,2,0,0,0,0,0,0,0,0,0,0,0,3,9,20,5,7,9,0,0,0,0,1,1,1,1,1,1,0,1,1,1,-,-,1,-,-,-,0,0,0,0,0,0,0,0,0,0,-,-,0,0,0,0,0,0,0,0,0,0,0,0,0,0,0,0,0,0,0,0,0,0,0,0,0,0,0,0,0,0,0,0,0,0,0,0,0,0,0,0,0,0,1,0,0,0,1,0,0,0,0,0,0,0,0,0,0,0,0,0,0,0,0,0,0,0,0,0,0,0,17,1,0,0,27,9,0,0,0,0,9,0,0,0,0,0,0,0,0,0,0,0,0,0,0,0,-,-,-,-,-,-,9,0,18,0,0,0,0,0,0,0,0,9,45,0,24,0,0,0,0,0,0,0,0,0,0,0,0,0,0,0,0,0,0,0,0,0,0,0,0,0,0,0,0,0,0,0,0,0,0,0,0,0,0,0,0,0,0,0,0,0,0,0,0,0,0,0,0,0,0,0,0,0,0,0,0,0,0,0,0,0,0,0,0,0,0,0,0,0,0,0,0,0,0,0,0,0,0,0,105,1,105.0,105,0,105,0,0,0
opensudoku,12,0,66,0,8003.0,0.0,24654,0,8,1,2,0,0,0,0,0,0,0,0,0,0,0,12,2,5,7,17,29,0,0,0,0,0,1,1,1,1,0,0,1,1,1,-,-,1,-,-,-,0,0,0,0,0,0,0,0,0,0,-,-,0,0,0,0,0,0,0,0,0,0,0,0,0,0,0,0,0,0,0,0,0,0,0,0,0,0,0,0,0,0,0,0,0,0,0,0,0,0,0,0,0,0,1,1,0,1,1,0,0,0,0,0,0,0,0,0,0,0,0,0,0,0,0,0,0,0,0,0,0,0,55,2,0,4,32,80,0,0,0,18,2,1,0,0,0,0,0,0,0,0,0,0,0,0,3,0,-,-,-,-,-,-,0,0,1,0,0,0,0,0,0,0,0,1,1,0,1,0,0,0,0,0,0,0,0,0,0,0,0,0,0,0,0,0,0,0,0,0,0,0,0,0,0,0,0,0,0,0,0,4,0,0,0,0,0,0,0,0,0,2,0,2,3,0,1,0,0,0,0,0,0,0,0,0,0,0,0,0,0,0,0,0,0,0,0,0,3,0,0,0,0,0,0,0,0,0,0,0,0,0,19,11,1.7272727,4,15,16,0,3,0
rxdroid,11,11,94,6,16512.0,731.0,53676,1680,7,2,1,0,1,0,0,0,0,0,0,0,0,0,38,1,6,5,56,32,0,0,0,0,0,1,0,1,1,0,0,1,1,1,-,-,1,-,-,-,0,0,0,0,0,0,0,0,0,0,-,-,0,0,0,0,0,0,0,0,0,0,0,0,0,0,0,0,0,0,0,0,0,0,0,0,0,0,0,0,0,0,0,0,0,0,0,0,0,0,0,0,0,0,1,0,0,1,1,0,0,0,0,1,1,0,0,0,0,0,0,0,0,0,0,0,0,0,0,0,0,12,28,1,0,3,29,16,0,2,0,0,17,2,0,0,0,0,0,0,0,0,0,0,0,0,1,0,-,-,-,-,-,-,0,0,0,0,0,0,0,0,0,0,0,11,2,0,2,0,0,0,0,0,0,0,0,0,0,5,0,0,0,0,0,0,0,0,0,0,0,0,0,0,0,0,0,0,0,1,0,1,0,0,2,0,0,0,0,0,0,0,0,2,2,0,1,1,0,0,0,0,0,0,0,0,0,0,0,0,0,0,0,0,0,0,0,0,1,1,0,0,0,0,0,0,0,0,0,0,0,0,32,9,3.5555556,20,12,25,5,2,0
sumatoradictionary,17,17,56,2,6928.0,35.0,14490,84,13,2,2,0,3,0,0,0,0,0,0,0,0,0,1,1,17,85,5,11,0,0,0,0,1,1,1,1,1,1,0,1,1,1,-,-,1,-,-,-,0,0,0,0,0,0,0,0,0,0,-,-,0,0,0,0,0,0,0,0,0,0,0,0,0,0,0,0,0,0,0,0,0,0,0,0,0,0,0,0,0,0,0,0,0,0,0,0,0,0,0,0,0,0,1,0,0,0,1,0,0,0,0,0,0,1,0,0,0,0,0,1,0,0,0,0,0,0,0,0,0,3,18,0,0,2,18,3,0,0,0,0,1,2,0,0,0,0,0,0,0,0,0,0,0,0,0,0,-,-,-,-,-,-,3,0,0,0,0,0,0,0,0,0,0,8,1,0,2,0,0,0,0,0,0,0,0,0,0,0,0,0,0,0,0,0,0,0,0,0,0,1,0,0,0,0,0,0,0,0,0,0,0,0,0,0,0,0,0,0,0,0,0,1,0,0,0,0,0,0,0,0,0,0,0,0,0,0,0,0,0,0,0,0,0,0,0,0,0,0,0,0,0,0,0,0,0,0,0,0,0,2,18,6,3.0,15,3,15,0,1,2
moneywallet,77,13,435,2,51744.0,1543.0,151326,4452,45,2,2,0,1,0,0,0,0,0,0,0,0,0,21,5,63,164,28,136,0,0,0,0,1,1,1,1,1,1,0,1,1,1,-,-,1,-,-,-,0,0,0,0,0,0,0,0,0,0,-,-,0,0,0,0,0,0,0,0,0,0,0,0,0,0,0,0,0,0,0,0,0,0,0,0,0,0,0,0,0,0,0,0,0,0,0,0,0,0,0,0,0,0,1,0,0,1,1,0,0,0,0,1,1,1,0,0,0,0,0,0,0,0,0,0,0,0,0,0,0,37,71,0,0,7,11,2,0,0,0,0,31,0,0,0,0,0,0,0,0,0,0,0,0,2,0,0,-,-,-,-,-,-,42,0,99,0,0,0,0,0,0,0,0,53,5,0,144,0,0,0,0,0,0,0,0,0,0,0,0,0,0,0,0,0,0,0,0,0,0,101,0,0,0,0,0,0,0,0,0,0,0,0,0,0,0,0,0,0,0,0,0,20,19,0,5,0,0,0,0,0,0,0,0,0,0,0,0,0,0,0,0,0,0,1,0,0,1,4,0,0,0,0,0,0,0,0,0,0,0,38,532,38,14.0,444,88,387,1,106,38
presencepublisher,20,0,67,0,2885.0,0.0,7266,0,15,1,2,0,0,0,0,0,0,0,0,0,0,0,2,2,20,4,2,7,0,0,0,0,1,1,1,1,1,1,0,1,1,1,-,-,1,-,-,-,0,0,0,0,0,0,0,0,0,0,-,-,0,0,0,0,0,0,0,0,0,0,0,0,0,0,0,0,0,0,0,0,1,0,0,0,0,0,0,0,0,0,0,0,0,0,0,0,0,0,0,0,0,0,1,0,0,0,1,0,0,0,0,0,0,0,0,0,0,0,0,0,0,0,0,0,0,0,0,0,0,0,7,0,0,0,6,3,0,0,0,0,0,1,0,0,0,0,0,0,0,0,0,0,0,0,0,0,-,-,-,-,-,-,0,0,2,0,0,0,0,0,0,0,0,0,0,0,0,0,0,0,0,0,0,0,0,0,0,0,0,0,0,0,0,0,0,0,0,0,0,0,0,0,0,0,0,0,0,0,0,2,0,0,1,0,0,0,0,0,0,0,0,0,0,0,0,0,0,0,0,0,0,0,0,0,0,0,0,0,0,0,0,0,0,0,0,0,0,0,0,0,0,0,0,0,0,0,0,0,0,4,9,1,9.0,2,7,5,0,0,4
dash-wallet,17,684,29,116,2259.0,65299.0,9660,1890,7,49,6,0,343,0,0,0,0,0,0,0,0,0,107,5,66,332,192,80,0,0,0,0,1,1,1,1,1,1,0,1,1,1,-,-,1,-,-,-,0,0,0,0,0,0,0,0,0,0,-,-,0,0,0,0,0,0,0,0,0,0,0,0,0,0,0,0,0,0,0,0,0,0,0,0,0,0,0,0,0,0,0,0,0,0,0,0,0,0,0,0,0,0,1,0,0,0,1,1,0,0,0,0,0,1,0,0,0,0,0,1,0,0,0,0,0,0,0,0,0,23,111,0,0,22,128,20,2,0,0,0,30,6,0,0,1,0,0,0,0,0,0,0,0,1,2,0,-,-,-,-,-,-,8,0,16,0,0,0,0,0,0,0,0,50,49,0,54,0,0,0,0,0,0,0,1,0,0,0,0,0,0,0,0,0,0,0,0,0,0,17,0,0,0,0,0,0,0,0,0,1,0,0,1,0,0,0,0,0,0,0,0,0,1,0,1,0,0,0,0,0,0,0,0,1,0,1,0,0,0,0,0,0,0,0,0,0,0,2,0,0,0,0,0,0,0,0,0,0,0,0,203,1,203.0,195,8,181,3,19,0
ldap-sync,15,6,22,1,2046.0,14.0,6384,42,8,1,2,0,0,0,0,0,0,0,0,0,0,0,3,1,6,3,6,5,0,0,0,0,1,1,1,1,1,0,0,1,1,1,-,-,1,-,-,-,0,0,0,0,0,0,0,0,0,0,-,-,0,0,0,0,0,0,0,0,0,0,0,0,0,0,0,0,0,0,0,0,0,0,0,0,0,0,0,0,0,0,0,0,0,0,0,0,0,0,0,0,0,0,1,0,0,1,1,0,0,0,0,0,0,1,1,0,0,0,0,0,0,0,0,0,0,0,0,0,0,0,6,3,0,0,17,6,0,0,0,0,1,0,0,0,1,0,0,0,0,0,0,0,0,0,2,0,-,-,-,-,-,-,0,0,5,0,0,0,0,0,0,0,0,2,2,0,0,0,0,0,0,0,0,0,0,0,0,0,0,0,0,0,0,0,0,0,0,0,0,8,0,0,0,0,0,0,0,0,0,0,0,0,0,0,0,0,0,0,0,0,0,0,0,0,0,0,0,0,0,0,0,0,0,0,0,0,0,0,0,0,0,0,0,0,0,0,0,0,0,0,0,0,0,0,0,0,0,0,0,0,17,5,3.4,17,0,9,0,8,0
rsandroidapp,11,17,60,4,7094.0,118.0,24108,504,7,2,2,0,2,0,0,0,0,0,0,0,0,0,8,2,6,70,14,31,0,0,0,0,0,1,1,1,1,0,0,1,1,1,-,-,1,-,-,-,0,0,0,0,0,0,0,0,0,0,-,-,0,0,0,0,0,0,0,0,0,0,0,0,0,0,0,0,0,0,0,0,1,0,0,0,0,0,0,0,0,0,0,0,0,0,0,0,0,0,0,0,0,0,1,0,0,1,1,0,0,0,0,1,0,1,0,0,0,0,0,0,0,0,0,1,0,0,0,0,0,0,12,0,0,20,44,8,0,5,0,0,11,1,0,0,3,1,0,0,0,0,0,0,0,0,5,0,-,-,-,-,-,-,13,0,10,0,0,0,0,0,0,0,0,22,8,0,24,0,0,0,0,0,0,0,1,0,0,0,0,0,0,0,0,0,0,0,0,0,0,8,0,0,0,0,0,0,0,0,0,0,0,0,2,0,0,0,0,0,0,0,0,0,4,0,4,0,0,0,0,0,0,0,0,0,0,0,0,0,0,0,0,0,0,0,0,0,0,2,0,0,0,0,0,0,0,0,0,0,0,0,98,10,9.8,86,12,87,1,10,0
c-beam-droid,26,10,91,2,8255.0,24.0,26334,84,15,2,2,0,0,0,0,0,0,0,0,0,0,0,8,1,4,1,14,34,0,0,0,0,1,1,1,1,0,0,0,1,1,1,-,-,1,-,-,-,0,0,0,0,0,0,0,0,0,0,-,-,0,0,0,0,0,0,0,1,1,1,1,1,1,1,0,0,0,0,0,0,0,0,0,0,0,0,0,0,0,0,0,0,0,0,0,0,0,0,0,0,0,0,1,0,0,1,1,0,0,0,0,0,0,1,0,0,0,0,0,0,0,0,0,0,0,0,0,0,0,7,22,6,0,30,30,41,0,0,0,14,3,1,0,0,0,4,0,0,0,0,0,0,0,0,4,0,-,-,-,-,-,-,7,0,4,0,0,0,0,0,0,0,0,38,6,0,12,0,0,0,0,0,0,0,0,0,0,0,0,0,0,0,0,0,0,0,0,0,0,6,0,0,0,0,0,0,0,0,0,0,0,0,0,0,0,0,0,0,0,0,0,3,6,0,3,0,0,0,0,0,0,0,0,0,0,0,0,0,0,0,0,0,0,0,0,0,1,0,0,0,0,0,0,5,0,0,0,0,0,0,91,23,3.9565217,73,18,79,0,7,5
towercollector,65,0,207,0,13563.0,0.0,47208,0,37,1,2,0,0,0,0,0,0,0,0,0,0,0,12,1,7,22,65,17,0,0,0,0,0,1,1,1,1,1,0,1,1,1,-,-,1,-,-,-,0,0,0,0,0,0,0,0,0,0,-,-,0,0,0,0,0,0,0,0,0,0,0,0,0,0,0,0,0,0,0,0,1,0,0,0,0,0,0,0,0,0,0,0,0,0,0,0,0,0,0,0,0,0,1,0,0,1,1,0,0,0,0,0,0,0,0,0,0,0,0,0,0,0,0,0,0,0,0,0,0,1,9,7,0,0,58,0,0,11,0,0,0,1,0,0,0,0,0,0,0,0,0,0,0,0,1,0,-,-,-,-,-,-,0,0,0,0,0,0,0,0,0,0,0,7,7,0,2,0,0,0,0,0,0,0,0,0,0,0,0,0,0,0,0,0,0,0,0,0,0,0,0,0,0,0,0,0,0,0,0,5,0,0,1,0,0,0,0,0,0,0,0,1,2,0,0,0,0,0,0,0,0,0,0,0,0,0,0,0,0,0,0,0,0,0,0,0,0,0,0,0,0,0,0,0,0,0,0,0,0,0,25,3,8.333333,16,9,25,0,0,0
mynotes,7,10,6,2,459.0,24.0,1386,84,4,2,2,0,0,0,0,0,0,0,0,0,0,0,2,2,7,0,6,8,0,0,0,0,1,1,1,1,1,1,0,1,1,1,-,-,1,-,-,-,0,0,0,0,0,0,0,0,0,0,-,-,0,0,0,0,0,0,0,0,0,0,0,0,0,0,0,0,0,0,0,0,0,0,0,0,0,0,0,0,0,0,0,0,0,0,0,0,0,0,0,0,0,0,0,0,0,0,0,0,0,0,0,0,0,1,0,0,0,0,0,0,0,0,0,0,0,0,0,0,0,0,3,0,0,0,8,2,0,0,0,0,3,0,0,0,0,0,0,0,0,0,0,0,0,0,1,0,-,-,-,-,-,-,1,0,1,0,0,0,0,0,0,0,0,5,2,0,6,0,0,0,0,0,0,0,0,0,0,0,0,0,0,0,0,0,0,0,0,0,0,1,0,0,0,0,0,0,0,0,0,0,0,0,0,0,0,0,0,0,0,0,0,0,0,0,0,0,0,0,0,0,0,0,0,0,0,0,0,0,0,0,0,0,0,0,0,0,0,0,0,0,0,0,0,0,0,0,0,0,0,0,16,3,5.3333335,16,0,15,0,1,0
lepsi-rozvrh,30,12,70,2,7670.0,24.0,23226,84,14,2,2,0,2,0,0,0,0,0,0,0,0,0,3,2,50,243,11,18,0,0,0,0,1,1,1,1,1,1,0,1,1,1,-,-,1,-,-,-,0,0,0,0,0,0,0,0,0,0,-,-,0,0,0,0,0,0,0,0,0,0,0,0,0,0,0,0,0,0,0,0,0,0,0,0,0,0,0,0,0,0,0,0,0,0,0,0,0,0,0,0,0,0,1,0,0,1,1,0,0,0,0,0,0,1,0,0,0,0,0,0,0,0,0,0,0,0,0,0,0,7,14,0,0,0,31,14,0,2,0,0,7,3,0,0,0,1,0,0,0,0,0,0,0,0,0,0,-,-,-,-,-,-,7,0,5,0,0,0,0,0,0,0,0,7,12,0,13,0,0,0,0,0,0,0,3,0,0,0,0,0,0,0,0,0,0,0,0,0,0,5,0,0,0,0,0,0,0,0,0,4,0,0,0,0,0,0,0,0,0,0,0,3,7,0,9,0,0,0,0,0,0,0,0,0,0,0,0,0,0,0,0,0,0,0,0,0,0,0,0,0,0,0,0,0,0,0,0,0,0,2,77,10,7.7,52,25,67,3,5,2
your-local-weather,13,13,129,2,26511.0,98.0,61110,294,10,1,2,0,2,0,0,0,0,0,0,0,0,0,44,1,7,2,51,36,0,0,0,0,0,1,1,1,1,1,1,1,1,1,-,-,1,-,-,-,0,0,0,0,0,0,0,0,0,0,-,-,0,0,0,0,0,0,0,1,0,0,0,0,0,0,0,0,0,0,0,0,1,0,0,0,0,0,0,0,0,0,0,0,0,0,0,0,0,0,0,0,0,0,1,1,0,1,1,0,0,0,1,1,0,1,0,0,0,0,0,0,0,0,0,1,0,0,0,0,0,1,159,0,0,9,254,5,0,24,20,0,74,3,0,0,8,0,0,0,0,0,0,0,0,0,0,0,-,-,-,-,-,-,61,0,7,0,0,0,0,0,0,0,0,61,59,0,111,0,0,0,0,0,0,0,0,0,0,0,0,0,0,0,0,0,0,0,0,0,0,0,6,0,0,0,0,0,0,20,0,26,0,0,0,0,0,0,0,0,0,0,0,10,11,0,4,0,0,0,0,2,2,0,0,0,0,0,0,0,0,0,0,0,0,0,0,0,0,0,0,0,0,0,0,0,0,0,0,0,0,6,384,12,32.0,305,79,372,0,6,6
atalk-android,393,4,2258,0,250192.0,0.0,817446,0,283,1,3,0,2,0,0,0,0,0,0,0,0,0,30,12,18,156,66,396,0,0,0,0,0,1,1,1,1,0,1,1,1,1,-,-,1,-,-,-,0,0,0,0,0,0,0,0,0,0,-,-,0,0,0,0,0,0,0,0,0,0,0,0,0,0,1,0,1,0,0,0,1,0,0,0,0,0,0,0,0,0,0,0,0,0,0,0,0,0,0,0,0,0,1,1,0,1,1,0,0,0,0,0,0,0,0,0,0,0,0,0,0,0,0,0,0,0,0,0,0,0,963,6,0,189,1212,345,3,207,0,21,240,21,18,0,78,12,0,0,0,0,0,0,0,0,27,0,-,-,-,-,-,-,75,0,126,0,0,0,0,0,0,3,0,270,171,0,42,0,0,0,0,0,0,0,3,0,0,0,0,0,0,0,0,0,0,0,0,0,0,117,0,0,0,0,1,0,0,8,0,32,0,0,3,0,0,0,0,0,0,4,2,9,10,0,5,0,0,0,0,0,0,0,0,0,0,0,0,0,0,0,0,0,2,0,0,0,5,4,1,0,0,0,0,0,0,0,0,0,0,1,892,52,17.153847,807,85,760,4,127,1
phonograph,50,0,201,0,22340.0,0.0,81270,0,45,1,2,0,0,0,0,0,0,0,0,0,0,0,40,2,8,89,53,62,0,0,0,0,0,1,1,1,1,1,0,1,1,1,-,-,1,-,-,-,0,0,0,0,0,0,0,0,0,0,-,-,0,0,0,0,0,0,0,0,0,0,0,0,0,0,0,0,0,0,0,0,0,0,0,0,0,0,0,0,0,0,0,0,0,0,0,0,0,0,0,0,0,0,1,0,0,1,1,0,0,0,0,0,0,0,0,0,0,0,0,0,0,0,0,0,0,0,0,0,0,52,130,0,1,18,115,2,2,0,0,0,28,1,2,0,0,1,0,0,0,0,0,0,0,0,1,0,-,-,-,-,-,-,0,0,15,0,0,0,0,0,0,0,0,94,50,0,24,0,0,0,0,0,0,0,0,0,0,0,0,0,0,0,0,0,0,0,0,0,0,15,0,0,0,0,0,0,0,0,0,0,0,0,0,0,0,0,0,0,0,0,0,19,17,0,0,0,0,0,0,0,0,0,0,0,0,0,0,0,0,0,0,0,0,0,0,0,0,0,0,0,0,0,0,0,0,0,0,0,0,12,246,18,13.666667,198,48,219,0,15,12
calculator-notification,4,0,5,0,423.0,0.0,1092,0,2,1,2,0,0,0,0,0,0,0,0,0,0,0,1,1,19,12,5,2,0,0,0,0,1,1,1,1,1,1,0,1,1,1,-,-,1,-,-,-,0,0,0,0,0,0,0,0,0,0,-,-,0,0,0,0,0,0,0,0,0,0,0,0,0,0,0,0,0,0,0,0,0,0,0,0,0,0,0,0,0,0,0,0,0,0,0,0,0,0,0,0,0,0,0,0,0,0,0,0,0,0,0,0,0,0,0,0,0,0,0,0,0,0,0,0,0,0,0,0,0,3,11,0,0,0,38,0,0,0,0,0,6,0,0,0,0,0,0,0,0,0,0,0,0,0,0,0,-,-,-,-,-,-,0,0,0,0,0,0,0,0,0,0,0,52,2,0,0,0,0,0,0,0,0,0,0,0,0,0,0,0,0,0,0,0,0,0,0,0,0,0,0,0,0,0,0,0,0,0,0,0,0,0,0,0,0,0,0,0,0,0,0,0,0,0,0,0,0,0,0,0,0,0,0,0,0,0,0,0,0,0,0,0,0,0,0,0,0,0,0,0,0,0,0,0,0,0,0,0,0,0,54,1,54.0,54,0,54,0,0,0
habpanelviewer,16,6,103,2,9100.0,166.0,27048,672,14,2,2,0,0,0,0,0,0,0,0,0,0,0,3,1,2,17,8,15,0,0,0,0,0,1,0,0,0,0,0,1,1,1,-,-,1,-,-,-,0,0,0,0,0,0,0,0,0,0,-,-,0,0,0,0,0,0,0,0,1,0,0,1,1,0,0,1,1,0,0,0,0,0,0,0,0,0,0,0,0,0,0,0,0,0,0,0,0,0,0,0,0,0,1,0,0,1,1,1,0,0,0,1,0,1,0,0,0,0,0,0,0,0,0,0,0,0,0,0,0,2,7,0,0,0,14,2,0,1,0,0,1,2,0,0,0,0,0,0,0,0,0,0,0,1,2,0,-,-,-,-,-,-,0,0,2,0,0,0,0,0,0,0,0,8,1,0,9,0,0,0,0,0,0,0,0,0,0,0,0,0,0,0,0,0,0,0,0,0,0,2,0,0,0,0,0,0,0,0,0,1,0,0,1,0,0,0,0,0,0,0,0,1,2,0,1,0,0,0,0,0,0,0,0,0,0,0,0,0,0,0,0,0,0,0,0,0,0,0,0,0,0,0,0,0,0,0,0,0,0,0,28,12,2.3333333,22,6,26,0,2,0
world-scribe,16,10,70,2,7331.0,17.0,26502,42,10,2,4,0,0,0,0,0,0,0,0,0,0,0,4,1,4,20,10,35,0,0,0,0,0,1,1,1,0,0,0,1,1,1,-,-,1,-,-,-,0,0,0,0,0,0,0,0,0,0,-,-,0,0,0,0,0,0,0,0,0,0,0,0,0,0,0,0,0,0,0,0,0,0,0,0,0,0,0,0,0,0,0,0,0,0,0,0,0,0,0,0,0,0,1,0,0,1,1,0,0,0,0,0,1,1,0,0,0,0,0,0,0,0,0,0,0,0,0,0,0,1,68,0,0,6,60,24,3,1,1,0,13,0,0,0,2,0,0,0,0,0,0,0,0,1,0,0,-,-,-,-,-,-,13,0,18,0,0,0,0,0,0,0,0,86,108,0,93,0,0,0,0,0,0,0,0,0,0,0,0,0,0,0,0,0,0,0,0,0,0,17,0,0,0,0,0,0,0,0,0,9,0,0,1,0,0,0,0,0,0,0,0,3,2,0,0,0,0,0,0,0,0,0,0,0,0,0,0,0,0,0,0,0,0,0,0,0,1,1,0,0,0,0,0,0,0,0,0,0,0,7,359,21,17.095238,335,24,333,0,19,7
phyphox-android,6,9,38,1,17149.0,74.0,31248,126,4,1,2,0,4,0,0,0,0,0,0,0,0,0,26,1,7,37,32,18,0,0,0,0,0,1,1,1,1,1,0,1,1,1,-,-,1,-,-,-,0,0,0,0,0,0,0,0,0,0,-,-,0,0,0,0,0,0,0,1,1,0,1,1,1,1,0,1,1,1,1,0,1,0,0,0,0,0,0,0,0,0,0,0,0,0,0,0,0,0,0,0,0,0,1,0,0,1,1,0,0,0,0,1,0,1,0,1,0,0,0,1,0,0,0,0,0,0,0,0,0,2,17,1,3,8,36,0,9,12,1,0,12,1,0,0,2,0,0,0,0,0,0,0,0,4,1,0,-,-,-,-,-,-,5,0,4,0,0,0,0,0,0,2,0,15,8,0,10,0,0,0,0,0,0,0,0,0,0,0,0,0,0,0,0,0,0,0,0,0,0,2,4,0,0,0,1,0,0,1,0,2,0,0,1,0,0,0,0,0,0,0,0,4,4,0,4,0,2,2,0,0,0,0,1,0,0,0,0,0,0,0,0,0,0,0,0,0,3,0,0,0,0,0,0,0,0,0,0,0,0,0,73,3,24.333334,50,23,63,1,9,0
mbestyle,15,0,35,0,2030.0,0.0,6636,0,10,1,2,0,0,0,0,0,0,0,0,0,0,0,5,1,21,7,10,16,0,0,0,0,1,1,1,1,1,1,1,1,1,1,-,-,1,-,-,-,0,0,0,0,0,0,0,0,0,0,-,-,0,0,0,0,0,0,0,0,0,0,0,0,0,0,0,0,0,0,0,0,0,0,0,0,0,0,0,0,0,0,0,0,0,0,0,0,0,0,0,0,0,0,0,0,0,0,1,0,0,0,0,0,0,0,0,0,0,0,0,0,0,0,0,0,0,0,0,0,0,9,9,0,0,1,7,0,0,1,0,0,7,0,0,0,0,0,0,0,0,0,0,0,0,0,0,0,-,-,-,-,-,-,0,0,0,0,0,0,0,0,0,0,0,5,7,0,7,0,0,0,0,0,0,0,1,0,0,0,0,0,0,0,0,0,0,0,0,0,0,0,0,0,0,0,0,0,0,0,0,0,0,0,0,0,0,0,0,0,0,0,0,1,0,0,0,0,0,0,0,0,0,0,0,0,0,0,0,0,0,0,0,0,0,0,0,0,0,0,0,0,0,0,0,0,0,0,0,0,0,5,26,4,6.5,20,6,20,1,0,5
applock,30,2,76,0,6683.0,0.0,24234,0,20,1,3,0,2,0,0,0,0,0,0,0,0,0,3,2,33,35,10,26,0,0,0,0,1,1,1,1,1,1,0,1,1,1,-,-,1,-,-,-,0,0,0,0,0,0,0,0,0,0,-,-,0,0,0,0,0,0,0,0,0,0,0,0,0,0,0,0,0,0,0,0,0,0,0,0,0,0,0,0,0,0,0,0,0,0,0,0,0,0,0,0,0,0,1,0,0,0,1,0,0,0,0,0,0,0,0,0,0,0,0,0,0,0,0,0,0,0,0,0,0,1,17,0,0,19,40,1,0,9,0,0,21,0,0,0,0,0,0,0,0,0,0,0,0,0,0,0,-,-,-,-,-,-,0,0,0,0,0,0,0,0,0,0,0,41,32,0,32,0,0,0,0,0,0,0,0,0,0,0,0,0,0,0,0,0,0,0,0,0,0,2,0,0,0,0,1,0,0,0,0,1,0,0,0,0,0,0,0,0,0,0,0,2,0,0,0,0,0,0,0,0,0,0,0,0,0,0,0,0,0,0,0,0,0,0,0,0,0,0,0,0,0,0,0,0,1,0,0,0,0,3,115,2,57.5,107,8,109,0,2,4
osmtracker-android,17,11,58,0,6947.0,0.0,14238,0,14,1,2,0,3,0,0,0,0,0,0,0,0,0,58,2,11,1,287,18,0,0,0,0,0,1,1,1,1,1,0,1,1,1,-,-,1,-,-,-,0,0,0,0,0,0,0,0,0,0,-,-,0,0,0,0,0,0,0,1,0,0,0,0,0,1,1,0,0,0,0,0,1,0,0,0,0,0,0,0,0,0,0,0,0,0,0,0,0,0,0,0,0,0,1,0,0,1,1,0,0,0,0,0,0,0,0,0,0,0,0,0,0,0,0,0,0,0,0,0,0,1,23,0,0,10,41,6,0,3,0,0,9,0,0,0,1,0,0,0,0,0,0,0,0,0,2,0,-,-,-,-,-,-,9,0,6,0,0,0,0,0,0,0,0,3,2,0,1,0,0,0,0,0,0,0,0,0,0,0,0,0,0,0,0,0,0,0,0,0,0,2,0,0,0,0,0,0,0,0,0,0,0,0,0,0,0,0,0,0,0,0,0,0,2,0,2,0,0,0,0,0,0,0,0,0,0,0,0,0,0,0,0,0,0,0,0,0,0,0,0,0,0,0,0,0,0,0,0,0,0,0,27,11,2.4545455,23,4,25,0,2,0
privacy-friendly-2048,9,10,20,2,3110.0,17.0,8316,42,5,2,2,0,0,0,0,0,0,0,0,0,0,0,4,2,1,12,10,37,0,0,0,0,0,0,0,0,0,0,0,1,1,1,-,-,1,-,-,-,0,0,0,0,0,0,0,0,0,0,-,-,0,0,0,0,0,0,0,0,0,0,0,0,0,0,0,0,0,0,0,0,0,0,0,0,0,0,0,0,0,0,0,0,0,0,0,0,0,0,0,0,0,0,0,0,0,0,1,0,0,0,0,0,1,1,0,0,0,0,0,0,0,0,0,0,0,0,0,0,0,0,198,0,0,70,208,6,0,0,0,0,59,0,0,0,0,0,0,0,0,0,0,0,0,0,0,0,-,-,-,-,-,-,0,0,0,0,0,0,0,0,0,0,0,34,32,0,29,0,0,0,0,0,0,0,0,0,0,0,0,0,0,0,0,0,0,0,0,0,0,0,0,0,0,0,0,0,0,0,0,0,0,0,0,0,0,0,0,0,0,0,0,1,3,0,3,0,0,0,0,0,0,0,0,0,0,0,0,0,0,0,0,0,0,0,0,0,0,0,0,0,0,0,0,0,0,0,0,0,0,0,102,8,12.75,95,7,102,0,0,0
motioneye-client,32,22,83,4,12751.0,48.0,45024,168,10,2,2,0,2,0,0,0,0,0,0,0,0,0,5,4,3,57,16,54,0,0,0,0,0,0,0,0,0,0,0,1,1,1,-,-,1,-,-,-,0,0,0,0,0,0,0,0,0,0,-,-,0,0,0,0,0,0,0,0,0,0,0,0,0,0,0,0,0,0,0,0,1,0,0,0,0,0,0,0,0,0,0,0,0,0,0,0,0,0,0,0,0,0,1,0,0,1,1,0,0,0,0,0,0,1,0,0,0,0,0,0,0,0,0,0,0,0,0,0,0,5,111,0,0,5,77,10,0,0,0,0,28,25,0,0,0,0,0,0,0,0,0,0,0,0,2,0,-,-,-,-,-,-,17,0,14,0,0,0,0,0,0,0,0,16,9,0,73,0,0,0,0,0,0,0,5,0,0,0,0,0,0,0,0,0,0,0,0,0,0,12,0,0,0,0,0,0,0,0,0,2,0,0,2,0,0,0,0,0,0,0,0,2,0,0,0,0,0,0,0,0,0,0,0,0,0,0,0,0,0,0,0,0,0,0,0,0,0,2,0,0,0,0,0,0,0,0,0,0,0,10,164,6,27.333334,146,18,135,5,14,10
yalpstore,48,0,279,0,18084.0,0.0,65604,0,18,1,2,0,0,0,0,0,0,0,0,0,0,0,302,20,42,362,307,281,0,0,0,0,0,0,0,0,0,0,0,1,1,1,-,-,1,-,-,-,0,0,0,0,0,0,0,0,0,0,-,-,0,0,0,0,0,0,0,0,0,0,0,0,0,0,0,0,0,0,0,0,0,0,0,0,0,0,0,0,0,0,0,0,0,0,0,0,0,0,0,0,0,0,1,0,0,1,1,0,0,0,0,0,0,0,0,0,0,0,0,0,0,0,0,0,0,0,0,0,0,66,367,5,0,35,471,81,2,17,0,0,174,37,0,6,10,0,0,0,0,0,0,0,0,0,10,0,-,-,-,-,-,-,80,0,27,0,0,0,0,0,0,0,0,89,33,0,282,0,0,0,0,0,0,0,0,0,0,0,0,0,0,0,0,0,0,0,0,0,0,41,0,0,2,0,0,0,0,5,0,0,0,0,2,0,0,0,0,0,0,0,0,0,0,0,1,0,0,0,0,0,0,0,0,0,0,0,0,0,0,0,0,0,0,0,0,0,1,1,0,0,0,0,0,0,0,0,0,0,0,0,564,17,33.17647,554,10,519,0,43,2
android-gpsd-client,5,0,6,0,466.0,0.0,1512,0,2,1,2,0,0,0,0,0,0,0,0,0,0,0,1,1,19,4,3,1,0,0,0,0,1,1,1,1,1,1,0,1,1,1,-,-,1,-,-,-,0,0,0,0,0,0,0,0,0,0,-,-,0,0,0,0,0,0,0,0,0,0,0,0,0,0,0,0,0,0,0,0,1,0,0,0,0,0,0,0,0,0,0,0,0,0,0,0,0,0,0,0,0,0,1,0,0,1,0,0,0,0,0,0,0,0,0,0,0,0,0,0,0,0,0,0,0,0,0,0,0,1,2,0,0,0,2,1,0,0,0,0,0,0,0,0,0,0,0,0,0,0,0,0,0,0,0,0,-,-,-,-,-,-,0,0,1,0,0,0,0,0,0,0,0,0,2,0,1,0,0,0,0,0,0,0,0,0,0,0,0,0,0,0,0,0,0,0,0,0,0,2,0,0,0,0,0,0,0,0,0,0,0,0,0,0,0,0,0,0,0,0,0,0,0,0,0,0,0,0,0,0,0,0,0,0,0,0,0,0,0,0,0,0,0,0,0,0,0,0,0,0,0,0,0,0,0,0,0,0,0,0,6,1,6.0,6,0,4,0,2,0
privacy-friendly-wifi-manager,19,10,58,2,3711.0,128.0,12054,168,13,2,2,0,0,0,0,0,0,0,0,0,0,0,5,2,23,15,11,22,0,0,0,0,1,1,1,1,1,1,0,1,1,1,-,-,1,-,-,-,0,0,0,0,0,0,0,0,0,0,-,-,0,0,0,0,0,0,0,0,0,0,0,0,0,0,0,0,0,0,0,0,1,0,0,0,0,0,0,0,0,0,0,0,0,0,0,0,0,0,0,0,0,0,1,0,0,0,1,0,0,0,0,0,1,1,0,0,0,0,0,0,0,0,0,0,0,0,0,0,0,2,22,1,0,17,36,8,0,0,2,0,8,1,0,0,0,0,0,0,0,0,0,0,0,0,0,0,-,-,-,-,-,-,3,0,1,0,0,0,0,0,0,0,0,17,22,0,13,0,0,0,0,0,0,0,0,0,0,0,0,0,0,0,0,0,0,0,0,0,0,0,0,0,0,0,0,0,0,0,0,1,0,0,0,0,0,0,0,0,0,0,0,2,1,0,1,0,0,0,0,0,0,0,0,0,0,0,0,0,0,0,0,0,0,0,0,0,1,1,0,0,0,0,0,0,0,0,0,0,0,3,66,5,13.2,56,10,61,0,2,3
redreader,45,8,259,2,31630.0,293.0,83958,1302,35,2,1,0,0,0,0,0,0,0,0,0,0,0,23,1,20,44,29,26,0,0,0,0,1,1,1,1,1,1,0,1,1,1,-,-,1,-,-,-,0,0,0,0,0,0,0,0,0,0,-,-,0,0,0,0,0,0,0,0,0,0,0,0,0,0,0,0,0,0,0,0,0,0,0,0,0,0,0,0,0,0,0,0,0,0,0,0,0,0,0,0,0,0,1,0,0,1,1,0,0,0,0,0,0,1,0,0,0,0,0,0,0,0,0,0,0,0,0,0,0,13,22,0,0,2,21,1,0,4,0,0,6,0,0,0,5,0,0,0,0,0,0,0,0,0,0,0,-,-,-,-,-,-,1,0,10,0,0,0,0,0,0,0,0,13,13,0,15,0,0,0,0,0,0,0,0,0,0,0,0,0,0,0,0,0,0,0,0,0,0,7,0,0,0,0,2,0,0,0,0,0,0,0,1,0,0,0,0,0,0,0,0,18,10,0,16,0,0,0,0,0,0,0,0,0,0,0,0,0,0,0,0,0,0,0,0,0,2,1,0,1,0,0,0,0,0,0,0,0,0,9,119,19,6.263158,59,60,99,0,10,10
diceware-pass-gen,4,10,10,2,970.0,17.0,2142,42,2,2,2,0,0,0,0,0,0,0,0,0,0,0,3,1,6,0,6,7,0,0,0,0,1,1,1,1,1,1,0,1,1,1,-,-,1,-,-,-,0,0,0,0,0,0,0,0,0,0,-,-,0,0,0,0,0,0,0,0,0,0,0,0,0,0,0,0,0,0,0,0,0,0,0,0,0,0,0,0,0,0,0,0,0,0,0,0,0,0,0,0,0,0,0,0,0,0,0,0,0,0,0,0,1,1,0,0,0,0,0,0,0,0,0,0,0,0,0,0,0,0,7,1,0,1,36,3,7,1,0,0,0,0,1,0,0,0,0,0,0,0,0,0,0,2,0,0,-,-,-,-,-,-,6,0,0,0,0,0,0,0,0,0,0,9,3,0,2,0,0,0,0,0,0,0,0,0,0,0,0,0,0,0,0,0,0,0,0,0,0,0,0,0,0,0,0,0,0,0,0,0,0,0,0,0,0,0,0,0,0,0,0,0,0,0,0,0,0,0,0,0,0,0,0,0,0,0,0,0,0,0,0,0,0,0,0,0,0,0,0,0,0,0,0,0,0,0,0,0,0,0,20,3,6.6666665,20,0,20,0,0,0
dokuwikiandroid,9,18,51,19,4075.0,1044.0,11004,2814,7,6,2,0,2,0,0,0,0,0,0,0,0,0,2,1,4,14,6,7,0,0,0,0,1,0,0,0,0,0,0,1,1,1,-,-,1,-,-,-,0,0,0,0,0,0,0,0,0,0,-,-,0,0,0,0,0,0,0,0,0,0,0,0,0,0,0,0,0,0,0,0,0,0,0,0,0,0,0,0,0,0,0,0,0,0,0,0,0,0,0,0,0,0,1,0,0,0,1,1,0,0,0,0,0,1,0,0,0,0,0,0,0,0,0,1,0,0,0,0,0,0,1,0,0,0,2,0,0,0,0,0,1,0,0,0,0,1,0,0,0,0,0,0,0,0,0,0,-,-,-,-,-,-,1,0,0,0,0,0,0,0,0,0,0,2,0,0,0,0,0,0,0,0,0,0,0,0,0,0,0,0,0,0,0,0,0,0,0,0,0,0,0,0,0,0,0,0,0,0,0,0,0,0,0,0,0,0,0,0,0,0,0,0,0,0,0,0,0,0,0,0,0,0,0,0,0,0,0,0,0,0,0,0,0,0,0,0,0,0,0,0,0,0,0,0,0,0,0,0,0,0,3,3,1.0,3,0,3,0,0,0
paintroid,34,40,157,107,11413.0,13756.0,54516,40194,24,18,4,0,2,0,0,0,0,0,0,0,0,0,134,3,27,50,141,27,0,0,0,0,1,1,1,1,1,0,0,1,1,1,-,-,1,-,-,-,0,0,0,0,0,0,0,0,0,0,-,-,0,0,0,0,0,0,0,0,0,0,0,0,0,0,0,0,0,0,0,0,0,0,0,0,0,0,0,0,0,0,0,0,0,0,0,0,0,0,0,0,0,0,1,0,0,1,1,1,0,0,1,1,0,1,0,1,1,0,0,1,0,0,0,1,0,0,0,0,0,4,63,3,0,16,68,6,0,0,0,4,31,1,8,0,1,0,0,0,0,0,0,0,0,0,0,0,-,-,-,-,-,-,48,0,8,0,0,0,0,0,0,0,0,17,21,0,17,0,0,0,0,0,0,0,0,0,0,0,0,0,0,0,0,0,0,0,0,0,0,2,3,0,0,0,0,0,0,0,0,0,0,0,0,0,0,0,0,0,0,0,0,3,3,0,4,0,0,0,0,0,0,0,0,0,0,0,0,0,0,0,0,0,0,0,0,0,0,0,0,0,0,0,0,0,0,0,0,0,0,0,126,2,63.0,116,10,121,0,5,0
contentblocker,20,10,62,2,5185.0,17.0,20748,42,1,2,2,0,0,0,0,0,0,0,0,0,0,0,39,1,34,45,45,26,0,0,0,0,1,1,1,1,1,1,0,1,1,1,-,-,1,-,-,-,0,0,0,0,0,0,0,0,0,0,-,-,0,0,0,0,0,0,0,0,0,0,0,0,0,0,0,0,0,0,0,0,0,0,0,0,0,0,0,0,0,0,0,0,0,0,0,0,0,0,0,0,0,0,1,0,0,1,1,0,0,0,0,0,0,0,0,0,0,0,0,0,0,0,0,0,0,0,0,0,0,0,74,1,0,2,81,11,0,5,0,0,39,0,0,0,0,0,0,0,0,0,0,0,0,0,3,0,-,-,-,-,-,-,3,0,2,0,0,0,0,0,0,0,2,12,46,0,34,0,0,0,0,0,0,0,0,0,0,0,0,0,0,0,0,0,2,0,0,0,0,1,0,0,0,0,0,0,0,1,0,4,0,0,0,0,0,0,0,0,0,0,0,0,3,0,1,0,0,0,0,0,0,0,0,0,0,0,0,0,0,0,0,0,0,0,0,0,0,2,0,0,0,0,0,0,0,0,0,0,0,0,113,8,14.125,102,11,108,2,3,0
tedit,14,0,36,0,7178.0,0.0,18480,0,9,1,2,0,0,0,0,0,0,0,0,0,0,0,1,1,21,24,6,25,0,0,0,0,1,1,1,1,1,1,0,1,1,1,-,-,1,-,-,-,0,0,0,0,0,0,0,0,0,0,-,-,0,0,0,0,0,0,0,0,0,0,0,0,0,0,0,0,0,0,0,0,0,0,0,0,0,0,0,0,0,0,0,0,0,0,0,0,0,0,0,0,0,0,1,0,0,0,1,0,0,0,0,0,0,0,0,0,0,0,0,0,0,0,0,0,0,0,0,0,0,8,76,0,0,0,136,12,10,3,0,0,54,0,0,0,0,0,0,0,0,0,0,0,0,4,3,0,-,-,-,-,-,-,0,0,2,0,0,0,0,0,0,0,0,9,11,0,74,0,0,0,0,0,0,0,0,0,0,0,0,0,0,0,0,0,0,0,0,0,0,0,0,0,0,0,0,0,0,0,0,0,0,0,1,0,0,0,0,0,0,0,4,0,2,0,4,0,0,0,0,0,0,0,0,0,0,0,4,4,0,0,0,0,4,0,0,0,5,0,0,0,0,0,0,0,0,0,0,0,0,0,120,1,120.0,96,24,105,10,5,0
manglish,3,10,7,2,633.0,68.0,1554,210,2,2,2,0,2,0,0,0,0,0,0,0,0,0,2,1,15,5,7,7,0,0,0,0,1,1,1,1,1,1,0,1,1,1,-,-,1,-,-,-,0,0,0,0,0,0,0,0,0,0,-,-,0,0,0,0,0,0,0,0,0,0,0,0,0,0,0,0,0,0,0,0,0,0,0,0,0,0,0,0,0,0,0,0,0,0,0,0,0,0,0,0,0,0,0,0,0,0,0,0,0,0,0,0,0,1,0,0,0,0,0,0,0,0,0,0,0,0,0,0,0,2,4,0,0,1,9,3,0,0,0,0,1,0,0,0,0,0,0,0,0,0,0,0,0,0,1,0,-,-,-,-,-,-,0,0,2,0,0,0,0,0,0,1,0,2,1,0,3,0,0,0,0,0,0,0,0,0,0,0,0,0,0,0,0,0,0,0,0,0,0,1,0,0,0,0,0,0,0,0,0,0,0,0,0,0,0,0,0,0,0,0,0,0,0,0,0,0,0,0,0,0,0,0,0,0,0,0,0,0,0,0,0,0,0,0,0,0,0,0,0,0,0,0,0,0,0,0,0,0,0,0,10,1,10.0,10,0,9,0,1,0
democracy-client,330,1237,957,116,80548.0,13805.0,306222,47208,146,35,39,0,4,0,0,0,16,0,19,0,0,0,100,3,13,3,120,7,0,0,0,0,0,1,1,1,1,1,0,1,1,1,-,-,1,-,-,-,0,0,0,0,0,0,0,0,0,0,-,-,0,0,0,0,0,0,0,1,0,0,0,0,0,0,0,0,0,0,0,0,1,0,0,0,0,0,0,0,0,0,0,0,0,0,0,0,0,0,0,0,0,0,1,0,1,1,1,1,0,0,0,1,1,1,1,0,1,0,0,0,0,0,1,1,0,0,0,0,0,0,6,0,0,0,6,3,0,0,0,0,0,1,0,0,0,0,0,0,0,0,0,0,0,0,1,0,-,-,-,-,-,-,0,0,0,0,0,0,0,0,0,0,0,3,4,0,4,0,0,0,0,0,1,0,0,0,0,0,0,0,0,0,0,0,0,0,0,0,0,0,0,0,0,0,2,0,1,0,0,8,0,0,4,0,0,0,0,0,0,2,2,19,4,0,8,0,0,0,0,6,6,7,0,1,1,1,1,1,0,0,0,0,2,5,5,0,4,4,0,1,0,2,2,0,5,0,1,0,0,0,109,2,54.5,12,97,74,16,8,11
openpods,4,0,8,0,832.0,0.0,1176,0,2,1,2,0,0,0,0,0,0,0,0,0,0,0,13,2,1,5,16,11,0,0,0,0,0,0,0,0,0,0,0,1,1,1,-,-,1,-,-,-,0,0,0,0,0,0,0,0,0,0,-,-,0,0,0,0,0,0,0,0,0,0,0,0,0,0,0,0,0,0,0,0,1,0,0,0,0,0,0,0,0,0,0,0,0,0,0,0,0,0,0,0,0,0,1,0,0,0,0,0,0,0,0,0,0,0,0,0,0,0,0,0,0,0,0,0,0,0,0,0,0,1,6,0,0,12,21,7,0,0,0,0,18,6,0,0,0,2,0,0,0,0,0,0,0,0,0,0,-,-,-,-,-,-,0,0,0,0,0,0,0,0,0,0,0,0,11,0,3,0,0,0,0,0,0,0,0,0,0,0,0,0,0,0,0,0,0,0,0,0,0,0,0,0,0,0,0,0,0,0,0,2,0,0,0,0,0,0,0,0,0,0,0,0,0,0,0,0,0,0,0,0,0,0,0,0,0,0,0,0,0,0,0,0,0,0,0,0,0,0,0,0,0,0,0,0,0,0,0,0,0,0,16,5,3.2,14,2,16,0,0,0
defaultdarktheme-oms,5,0,5,0,310.0,0.0,798,0,2,1,2,0,0,0,0,0,0,0,0,0,0,0,97,1,149,280,185,2,0,0,0,0,0,1,1,1,1,1,1,1,1,1,-,-,1,-,-,-,0,0,0,0,0,0,0,0,0,0,-,-,0,0,0,0,0,0,0,0,0,0,0,0,0,0,0,0,0,0,0,0,0,0,0,0,0,0,0,0,0,0,0,0,0,0,0,0,0,0,0,0,0,0,0,0,0,0,0,0,0,0,0,0,0,0,0,0,0,0,0,0,0,0,0,0,0,0,0,0,0,0,2,0,0,0,0,2,0,0,0,0,0,0,0,0,0,2,0,0,0,0,0,0,0,0,0,0,-,-,-,-,-,-,0,0,0,0,0,0,0,0,0,0,0,0,0,0,0,0,0,0,0,0,0,0,0,0,0,0,0,0,0,0,0,0,0,0,0,0,0,0,0,0,0,0,0,0,0,0,0,0,0,0,0,0,0,0,0,0,0,0,0,2,0,0,0,0,0,0,0,0,0,0,0,0,0,0,0,0,0,0,0,0,0,0,0,0,0,0,0,0,0,0,0,0,0,0,0,0,0,0,2,2,1.0,0,2,2,0,0,0
secondscreen,16,0,76,0,8829.0,0.0,18942,0,9,1,2,0,0,0,0,0,0,0,0,0,0,0,22,3,7,15,44,18,0,0,0,0,0,1,1,1,1,1,0,1,1,1,-,-,1,-,-,-,0,0,0,0,0,0,0,0,0,0,-,-,0,0,0,0,0,0,0,0,0,0,0,0,0,0,0,0,0,0,0,0,0,0,0,0,0,0,0,0,0,0,0,0,0,0,0,0,0,0,0,0,0,0,1,0,0,1,1,0,0,0,0,0,0,0,0,0,0,0,0,0,0,0,0,0,0,0,0,0,0,5,33,0,0,1,29,3,0,3,0,0,5,0,1,0,1,0,0,0,0,0,0,0,0,0,3,0,-,-,-,-,-,-,0,0,3,0,0,0,0,0,0,0,0,20,24,0,29,0,0,0,0,0,2,0,0,0,0,0,0,0,0,0,0,0,0,0,0,0,0,1,0,0,0,0,0,0,0,0,0,2,0,0,0,0,0,0,0,0,0,0,0,2,1,0,1,0,0,0,0,0,0,0,0,0,0,0,0,0,0,0,0,0,0,0,0,0,0,0,0,0,0,0,0,0,0,0,0,0,0,0,85,16,5.3125,79,6,84,0,1,0
video-transcoder,10,10,20,3,2918.0,1079.0,4746,798,9,2,2,0,0,0,0,0,0,0,0,0,0,0,238,13,47,120,244,161,0,0,0,0,0,1,1,1,1,1,0,1,1,1,-,-,1,-,-,-,0,0,0,0,0,0,0,0,0,0,-,-,0,0,0,0,0,0,0,0,0,0,0,0,0,0,0,0,0,0,0,0,0,0,0,0,0,0,0,0,0,0,0,0,0,0,0,0,0,0,0,0,0,0,1,0,0,0,1,0,0,0,0,1,0,1,1,0,1,0,0,0,0,0,1,1,0,0,0,0,0,66,136,0,0,25,149,36,2,4,0,0,90,3,0,0,24,0,0,0,0,0,0,0,0,0,0,0,-,-,-,-,-,-,8,0,7,0,0,0,0,0,0,0,0,113,16,0,70,0,0,0,0,0,0,0,0,0,0,0,2,2,0,0,0,0,0,0,0,0,0,15,0,0,2,0,0,0,0,0,0,0,0,0,0,0,0,0,0,0,0,0,0,0,0,0,0,0,0,0,0,0,0,0,0,0,0,0,0,0,0,0,0,0,0,0,0,0,0,0,0,0,0,0,0,0,0,0,0,0,0,0,235,5,47.0,235,0,214,4,15,2
privacy-friendly-minesweeper,10,10,31,2,3664.0,17.0,8358,42,7,2,2,0,0,0,0,0,0,0,0,0,0,0,4,2,1,14,8,29,0,0,0,0,0,0,0,0,0,0,0,1,1,1,-,-,1,-,-,-,0,0,0,0,0,0,0,0,0,0,-,-,0,0,0,0,0,0,0,0,0,0,0,0,0,0,0,0,0,0,0,0,0,0,0,0,0,0,0,0,0,0,0,0,0,0,0,0,0,0,0,0,0,0,0,0,0,1,1,0,0,0,0,0,1,1,0,0,0,0,0,0,0,0,0,0,0,0,0,0,0,0,42,2,0,13,71,13,0,0,0,0,20,1,1,0,0,0,0,0,0,0,0,0,0,0,0,0,-,-,-,-,-,-,0,0,2,0,0,0,0,0,0,0,0,31,19,0,60,0,0,0,0,0,0,0,0,0,0,0,0,0,0,0,0,0,0,0,0,0,0,0,2,0,0,0,0,0,0,0,0,0,0,0,0,0,0,0,0,0,0,0,0,1,2,0,1,0,0,0,0,0,0,0,0,0,0,0,0,0,0,0,0,0,0,0,0,0,0,0,0,0,0,0,0,0,0,0,0,0,0,3,121,9,13.444445,114,7,116,0,2,3
getmitokens,4,12,3,2,293.0,24.0,672,84,2,2,2,0,2,0,0,0,0,0,0,0,0,0,1,1,1,0,3,2,0,0,0,0,0,0,0,0,0,0,0,1,1,1,-,-,1,-,-,-,0,0,0,0,0,0,0,0,0,0,-,-,0,0,0,0,0,0,0,0,0,0,0,0,0,0,0,0,0,0,0,0,0,0,0,0,0,0,0,0,0,0,0,0,0,0,0,0,0,0,0,0,0,0,0,0,0,0,0,0,0,0,0,0,0,1,0,0,0,0,0,0,0,0,0,0,0,0,0,0,0,0,0,0,0,0,2,0,0,0,0,0,2,0,0,0,0,0,0,0,0,0,0,0,0,0,1,0,-,-,-,-,-,-,2,0,0,0,0,0,0,0,0,0,0,0,1,0,2,0,0,0,0,0,0,0,0,0,0,0,0,0,0,0,0,0,0,0,0,0,0,0,0,0,0,0,0,0,0,0,0,0,0,0,0,0,0,0,0,0,0,0,0,0,1,0,0,0,0,0,0,0,0,0,0,0,0,0,0,0,0,0,0,0,0,0,0,0,0,0,0,0,0,0,0,0,0,0,0,0,0,0,6,2,3.0,5,1,6,0,0,0
anlinux-adfree,4,12,10,2,3468.0,24.0,1932,84,2,2,2,0,2,0,0,0,0,0,0,0,0,0,3,1,8,5,6,22,0,0,0,0,0,1,1,1,1,1,0,1,1,1,-,-,1,-,-,-,0,0,0,0,0,0,0,0,0,0,-,-,0,0,0,0,0,0,0,0,0,0,0,0,0,0,0,0,0,0,0,0,0,0,0,0,0,0,0,0,0,0,0,0,0,0,0,0,0,0,0,0,0,0,0,0,0,0,0,0,0,0,0,0,0,1,0,0,0,0,0,0,0,0,0,0,0,0,0,0,0,0,0,0,0,28,34,26,0,44,0,0,1,0,0,0,0,0,0,0,0,0,0,0,0,0,0,0,-,-,-,-,-,-,0,0,0,0,0,0,0,0,0,0,0,1,0,0,7,0,0,0,0,0,0,0,0,0,0,0,0,0,0,0,0,0,0,0,0,0,0,0,0,0,0,0,0,0,0,0,0,0,0,0,0,0,0,0,0,0,0,0,0,0,0,0,0,0,0,0,0,0,0,0,0,0,0,0,0,0,0,0,0,0,0,0,0,0,0,0,0,0,0,0,0,0,0,0,0,0,0,0,8,1,8.0,8,0,8,0,0,0
aegis,22,14,118,6,10613.0,437.0,36120,840,19,2,2,0,3,0,0,0,0,0,0,0,0,0,20,1,21,37,25,27,0,0,0,0,1,1,1,1,1,1,0,1,1,1,-,-,1,-,-,-,0,0,0,0,0,0,0,0,0,0,-,-,0,0,0,0,0,0,0,0,0,0,0,0,0,0,0,0,0,0,0,0,0,0,0,0,0,0,0,0,0,0,0,0,0,0,0,0,0,0,0,0,0,0,1,0,0,1,1,0,0,0,0,0,0,1,0,1,0,0,0,1,0,0,0,0,0,0,0,0,0,1,69,2,0,14,69,3,3,4,0,0,31,2,0,0,0,1,0,0,0,0,0,0,0,1,0,0,-,-,-,-,-,-,0,0,8,0,0,0,0,0,0,0,0,32,39,0,24,0,0,0,0,0,1,0,0,0,0,0,0,0,0,0,0,0,0,0,0,0,0,10,0,0,9,0,0,0,0,2,0,0,0,0,1,0,0,2,0,0,0,0,0,4,0,0,0,0,0,0,0,0,0,0,0,0,0,0,0,0,0,0,0,0,0,0,0,0,2,2,0,0,0,0,0,0,0,0,0,0,0,4,140,12,11.666667,123,17,113,0,14,13
notepad,9,0,20,0,3079.0,0.0,7728,0,5,1,2,0,0,0,0,0,0,0,0,0,0,0,16,3,7,16,24,12,0,0,0,0,0,1,1,1,1,1,0,1,1,1,-,-,1,-,-,-,0,0,0,0,0,0,0,0,0,0,-,-,0,0,0,0,0,0,0,0,0,0,0,0,0,0,0,0,0,0,0,0,0,0,0,0,0,0,0,0,0,0,0,0,0,0,0,0,0,0,0,0,0,0,0,0,0,0,0,0,0,0,0,0,0,0,0,0,0,0,0,0,0,0,0,0,0,0,0,0,0,2,17,0,0,1,6,0,0,0,0,0,1,0,0,0,0,0,0,0,0,0,0,0,0,0,1,0,-,-,-,-,-,-,0,0,1,0,0,0,0,0,0,0,0,3,3,0,6,0,0,0,0,0,0,0,0,0,0,0,0,0,0,0,0,0,0,0,0,0,0,1,0,0,0,0,0,0,0,1,0,0,0,0,0,0,0,0,0,0,0,0,0,4,4,0,4,0,0,0,0,0,0,0,0,0,0,0,0,0,0,0,0,0,0,0,0,0,0,0,0,0,0,0,0,0,0,0,0,0,0,0,27,3,9.0,14,13,26,0,1,0
privacy-friendly-circuit-training-exercises,14,0,44,0,5607.0,0.0,16968,0,10,1,2,0,0,0,0,0,0,0,0,0,0,0,4,1,1,40,8,42,0,0,0,0,0,0,0,0,0,0,0,1,1,1,-,-,1,-,-,-,0,0,0,0,0,0,0,0,0,0,-,-,0,0,0,0,0,0,0,0,0,0,0,0,0,0,0,0,0,0,0,0,0,0,0,0,0,0,0,0,0,0,0,0,0,0,0,0,0,0,0,0,0,0,1,1,0,0,1,0,0,0,0,0,0,0,0,0,0,0,0,0,0,0,0,0,0,0,0,0,0,3,60,1,0,31,85,12,0,2,2,0,27,1,0,0,1,0,0,0,0,0,0,0,0,0,0,0,-,-,-,-,-,-,1,0,3,0,0,0,0,0,0,0,0,33,60,0,56,0,0,0,0,0,0,0,0,0,0,0,0,0,0,0,0,0,0,0,0,0,0,3,0,0,0,0,0,0,0,0,0,0,0,0,0,0,0,0,0,0,0,0,0,1,2,0,2,0,0,0,0,0,0,0,0,0,0,0,0,0,0,0,0,0,0,0,0,0,0,0,0,0,0,0,0,0,0,0,0,0,0,5,166,11,15.090909,156,10,158,0,3,5
calliope-android-app,22,5,47,1,6333.0,8.0,14574,0,13,1,3,0,0,0,0,0,0,0,0,0,0,0,4,2,5,26,10,21,0,0,0,0,0,1,1,1,0,0,0,1,1,1,-,-,1,-,-,-,0,0,0,0,0,0,0,0,0,0,-,-,0,0,0,0,0,0,0,0,0,0,0,0,0,0,0,0,0,0,0,0,1,0,0,0,0,0,0,0,0,0,0,0,0,0,0,0,0,0,0,0,0,0,1,0,0,0,1,0,0,0,0,0,1,0,0,0,0,0,0,0,0,0,0,0,0,0,0,0,0,0,6,0,0,0,28,6,0,0,0,0,24,2,0,0,0,0,0,0,0,0,0,0,0,0,1,0,-,-,-,-,-,-,0,0,0,0,0,0,0,0,0,0,0,15,17,0,15,0,0,0,0,0,0,0,0,0,0,0,0,0,0,0,0,0,0,0,0,0,0,0,0,0,0,0,0,0,0,0,0,3,0,0,1,0,0,0,0,0,0,0,0,0,0,0,0,0,0,0,0,0,0,0,0,0,0,0,0,0,0,0,0,0,0,0,0,0,0,0,0,0,0,0,0,0,0,0,0,0,0,1,52,9,5.7777777,47,5,51,0,0,1
flashcards,4,12,14,2,1360.0,27.0,3654,84,2,2,2,0,2,0,0,0,0,0,0,0,0,0,2,1,2,5,5,13,0,0,0,0,0,0,0,0,0,0,0,1,1,1,-,-,1,-,-,-,0,0,0,0,0,0,0,0,0,0,-,-,0,0,0,0,0,0,0,0,0,0,0,0,0,0,0,0,0,0,0,0,0,0,0,0,0,0,0,0,0,0,0,0,0,0,0,0,0,0,0,0,0,0,0,0,0,0,1,0,0,0,0,0,0,1,0,0,0,0,0,0,0,0,0,0,0,0,0,0,0,1,26,1,0,9,29,5,2,3,0,0,0,0,2,0,0,0,0,0,0,0,0,0,0,1,4,0,-,-,-,-,-,-,1,0,0,0,0,0,0,0,0,0,0,10,13,1,19,0,1,0,0,0,0,0,0,0,0,0,0,0,0,0,0,0,0,0,0,0,0,0,0,0,0,0,0,0,0,0,0,0,0,0,0,0,0,0,0,0,0,0,0,0,0,0,0,0,0,0,0,0,0,0,0,0,0,0,0,0,0,0,0,0,0,0,0,0,0,0,0,0,0,0,0,0,0,0,0,0,0,0,45,4,11.25,45,0,45,0,0,0
heb12-mobile,4,12,1,2,250.0,24.0,84,84,1,2,2,0,2,0,0,0,0,0,0,0,0,0,1,1,16,4,3,1,0,0,0,0,1,1,1,1,1,1,0,1,1,1,-,-,1,-,-,-,0,0,0,0,0,0,0,0,0,0,-,-,0,0,0,0,0,0,0,0,0,0,0,0,0,0,0,0,0,0,0,0,0,0,0,0,0,0,0,0,0,0,0,0,0,0,0,0,0,0,0,0,0,0,0,0,0,0,0,0,0,0,0,0,0,1,0,0,0,0,0,0,0,0,0,0,0,0,0,0,0,0,0,0,0,0,0,0,0,0,0,0,0,0,0,0,0,1,0,0,0,0,0,0,0,0,0,0,-,-,-,-,-,-,0,0,0,0,0,0,0,0,0,0,0,0,0,0,0,0,0,0,0,0,0,0,0,0,0,0,0,0,0,0,0,0,0,0,0,0,0,0,0,0,0,0,0,0,0,0,0,0,0,0,0,0,0,0,0,0,0,0,0,0,0,0,0,0,0,0,0,0,0,0,0,0,0,0,0,0,0,0,0,0,0,0,0,0,0,0,0,0,0,0,0,0,0,0,0,0,0,0,0,1,0.0,0,0,0,0,0,0
morse,4,0,8,0,1083.0,0.0,1638,0,2,1,2,0,0,0,0,0,0,0,0,0,0,0,1,2,18,61,3,5,0,0,0,0,1,1,1,1,1,1,0,1,1,1,-,-,1,-,-,-,0,0,0,0,0,0,0,0,0,0,-,-,0,0,0,0,0,0,0,0,0,0,0,0,0,0,0,0,0,0,0,0,0,0,0,0,0,0,0,0,0,0,0,0,0,0,0,0,0,0,0,0,0,0,0,0,0,0,1,0,0,0,0,0,0,0,0,0,0,0,0,0,0,0,0,0,0,0,0,0,0,0,1,0,0,45,21,0,0,0,0,0,29,0,0,0,0,0,0,0,0,0,0,0,0,0,0,0,-,-,-,-,-,-,29,0,0,0,0,0,0,0,0,0,0,28,25,0,25,0,0,0,0,0,0,0,0,0,0,0,0,0,0,0,0,0,0,0,0,0,0,0,0,0,0,0,0,0,0,0,0,0,0,0,0,0,0,0,0,0,0,0,0,0,0,0,0,0,0,0,0,0,0,0,0,0,0,0,0,0,0,0,0,0,0,0,0,0,0,0,0,0,0,0,0,0,0,0,0,0,0,1,108,2,54.0,107,1,107,0,0,1
weatherradar,8,0,14,0,1379.0,0.0,3948,0,5,1,2,0,0,0,0,0,0,0,0,0,0,0,3,1,15,27,7,8,0,0,0,0,1,1,1,1,1,1,0,1,1,1,-,-,1,-,-,-,0,0,0,0,0,0,0,0,0,0,-,-,0,0,0,0,0,0,0,0,0,0,0,0,0,0,0,0,0,0,0,0,0,0,0,0,0,0,0,0,0,0,0,0,0,0,0,0,0,0,0,0,0,0,1,0,0,0,0,0,0,0,0,0,0,0,0,0,0,0,0,0,0,0,0,0,0,0,0,0,0,3,3,0,0,1,14,8,0,0,3,0,1,0,0,0,3,1,0,0,0,0,0,0,0,0,0,0,-,-,-,-,-,-,1,0,0,0,0,0,0,0,0,0,0,5,0,0,0,0,0,0,0,0,0,0,0,0,0,0,0,0,0,0,0,0,0,0,0,0,0,0,0,0,0,0,0,0,0,0,0,0,0,0,1,0,0,0,0,0,0,0,0,0,0,0,0,0,0,0,0,0,0,0,0,0,0,0,0,0,0,0,0,0,0,0,0,0,0,0,0,0,0,0,0,0,0,0,0,0,0,0,7,5,1.4,6,1,7,0,0,0
osmdashboard,8,0,21,0,2005.0,0.0,5796,0,4,1,1,0,0,0,0,0,0,0,0,0,0,0,13,1,5,22,17,10,0,0,0,0,0,1,1,1,0,0,0,1,1,1,-,-,1,-,-,-,0,0,0,0,0,0,0,0,0,0,-,-,0,0,0,0,0,0,0,1,0,0,0,0,0,1,0,0,0,0,0,0,0,0,0,0,0,0,0,0,0,0,0,0,0,0,0,0,0,0,0,0,0,0,1,0,0,1,1,0,0,0,0,0,0,0,0,0,0,0,0,0,0,0,0,0,0,0,0,0,0,0,0,0,0,9,7,0,1,1,0,0,1,2,0,0,0,1,0,0,0,0,0,0,0,0,2,0,-,-,-,-,-,-,1,0,1,0,0,0,0,0,0,0,0,4,2,0,4,0,0,0,0,0,0,0,0,0,0,0,0,0,0,0,0,0,0,0,0,0,0,1,0,0,0,0,0,0,0,0,0,0,0,0,0,0,0,0,0,0,0,0,0,0,0,0,0,0,0,0,0,0,0,0,0,0,0,0,0,0,0,0,0,0,0,0,0,0,0,0,0,0,0,0,0,0,0,0,0,0,0,0,13,5,2.6,13,0,12,0,1,0
todoagenda,21,18,104,28,9412.0,2714.0,41244,12222,13,6,3,0,3,0,0,0,0,0,0,0,0,0,41,3,9,4,49,22,0,0,0,0,0,1,1,1,1,0,0,1,1,1,-,-,1,-,-,-,0,0,0,0,0,0,0,0,0,0,-,-,0,0,0,0,0,0,0,0,0,0,0,0,0,0,0,0,0,0,0,0,0,0,0,0,0,0,0,0,0,0,0,0,0,0,0,0,0,0,0,0,0,0,1,0,0,1,1,1,1,0,0,1,1,1,0,1,0,0,0,0,0,0,1,0,0,0,0,0,0,5,25,0,0,2,29,3,0,0,0,0,16,0,0,0,1,0,0,0,0,0,0,0,0,0,2,0,-,-,-,-,-,-,15,0,5,0,0,0,0,2,0,0,0,4,2,0,2,0,0,0,0,0,0,0,0,0,0,0,0,0,0,0,0,0,0,0,0,0,0,0,4,0,0,0,0,0,0,1,0,2,0,0,0,0,0,0,0,0,0,0,0,7,6,0,5,0,0,0,0,0,0,0,0,0,0,0,0,0,0,0,0,0,0,0,0,0,0,0,0,0,0,0,0,0,0,0,0,0,0,2,57,3,19.0,34,23,51,0,4,2
authorizer,27,11,183,13,28286.0,1875.0,70476,3738,13,2,3,0,2,0,0,0,0,0,0,0,0,0,15,2,19,2,22,41,0,0,0,0,1,1,1,1,1,1,0,1,1,1,-,-,1,-,-,-,0,0,0,0,0,0,0,0,0,0,-,-,0,0,0,0,0,0,0,0,0,0,0,0,0,0,0,0,0,0,0,0,0,0,0,0,0,0,0,0,0,0,0,0,0,0,0,0,0,0,0,0,0,0,1,0,0,1,1,0,0,0,0,1,0,1,0,1,0,0,0,1,0,0,0,0,0,0,0,0,0,7,74,5,0,20,142,24,6,14,0,1,7,4,1,0,6,0,0,0,0,0,0,0,0,3,9,0,-,-,-,-,-,-,13,0,27,0,0,0,0,1,0,0,0,2,6,0,19,0,0,0,0,0,0,0,0,0,0,0,0,0,0,0,0,0,0,0,0,0,0,19,0,0,9,0,0,0,0,0,0,7,0,0,1,0,0,0,0,0,0,0,0,1,1,0,1,0,0,0,0,0,0,0,0,0,0,0,0,0,0,0,0,0,0,0,0,0,0,0,0,0,0,0,0,0,0,0,0,0,0,6,113,7,16.142857,96,17,79,0,19,15
sleepywifi,4,12,7,2,417.0,24.0,1134,84,2,2,2,0,2,0,0,0,0,0,0,0,0,0,2,1,2,7,5,3,0,0,0,0,0,0,0,0,0,0,0,1,1,1,-,-,1,-,-,-,0,0,0,0,0,0,0,0,0,0,-,-,0,0,0,0,0,0,0,0,0,0,0,0,0,0,0,0,0,0,0,0,0,0,0,0,0,0,0,0,0,0,0,0,0,0,0,0,0,0,0,0,0,0,1,0,0,0,0,0,0,0,0,0,0,1,0,0,0,0,0,0,0,0,0,0,0,0,0,0,0,0,0,0,0,2,7,0,0,0,0,0,2,0,0,0,0,0,0,0,0,0,0,0,0,0,0,0,-,-,-,-,-,-,2,0,0,0,0,0,0,0,0,0,0,0,3,0,6,0,0,0,0,0,0,0,0,0,0,0,0,0,0,0,0,0,0,0,0,0,0,0,0,0,0,0,0,0,0,0,0,1,0,0,0,0,0,0,0,0,0,0,0,0,0,0,0,0,0,0,0,0,0,0,0,0,0,0,0,0,0,0,0,0,0,0,0,0,0,0,0,0,0,0,0,0,0,0,0,0,0,0,12,4,3.0,11,1,12,0,0,0
helsinki-timetables,16,6,49,1,6085.0,70.0,17976,126,12,1,1,0,0,0,0,0,0,0,0,0,0,0,11,1,5,58,14,7,0,0,0,0,1,1,1,0,0,0,1,1,1,1,-,-,1,-,-,-,0,0,0,0,0,0,0,0,0,0,-,-,0,0,0,0,0,0,0,0,0,0,0,0,0,0,0,0,0,0,0,0,0,0,0,0,0,0,0,0,0,0,0,0,0,0,0,0,0,0,0,0,0,0,1,0,0,0,1,0,0,0,0,0,0,1,0,0,0,0,0,0,0,0,0,0,0,0,0,0,0,0,19,0,0,0,12,19,0,1,0,0,3,0,0,0,0,0,0,0,0,0,0,0,0,0,0,0,-,-,-,-,-,-,0,0,0,0,0,0,0,0,0,0,0,11,4,0,2,0,0,0,0,0,0,0,0,0,0,0,0,0,0,0,0,0,0,0,0,0,0,0,0,0,0,0,0,0,0,0,0,0,0,0,0,0,0,0,0,0,0,0,0,7,17,0,3,0,0,0,0,0,0,0,0,0,0,0,0,0,0,0,0,0,0,0,0,0,0,1,0,0,0,0,0,0,0,0,0,0,0,0,45,21,2.142857,17,28,44,0,1,0
volume_control_android,12,6,22,1,1689.0,9.0,5964,42,5,1,2,0,0,0,0,0,0,0,0,0,0,0,3,2,21,11,8,12,0,0,0,0,1,1,1,1,1,1,0,1,1,1,-,-,1,-,-,-,0,0,0,0,0,0,0,0,0,0,-,-,0,0,0,0,0,0,0,0,0,0,0,0,0,0,0,0,0,0,0,0,0,0,0,0,0,0,0,0,0,0,0,0,0,0,0,0,0,0,0,0,0,0,1,0,0,0,1,0,0,0,0,0,0,1,0,0,0,0,0,0,0,0,0,0,0,0,0,0,0,5,12,0,1,3,18,9,0,0,4,0,2,0,2,0,1,0,0,0,0,0,0,0,0,0,0,0,-,-,-,-,-,-,0,0,0,0,0,0,0,0,0,0,0,5,4,0,6,0,0,0,0,0,0,0,3,0,0,0,0,0,0,0,0,0,0,0,0,0,0,1,1,0,0,0,2,0,0,0,0,2,0,0,0,0,0,0,0,0,0,0,0,0,0,0,0,0,0,0,0,0,0,0,0,0,0,0,0,0,0,0,0,0,0,0,0,0,0,0,0,0,0,0,0,0,0,0,0,0,0,0,24,3,8.0,20,4,19,3,2,0
goodtime,31,0,83,0,7524.0,0.0,21630,0,15,1,2,0,0,0,0,0,0,0,0,0,0,0,43,4,36,189,50,33,0,0,0,0,1,1,1,1,1,1,0,1,1,1,-,-,1,-,-,-,0,0,0,0,0,0,0,0,0,0,-,-,0,0,0,0,0,0,0,0,0,0,0,0,0,0,0,0,0,0,0,0,0,0,0,0,0,0,0,0,0,0,0,0,0,0,0,0,0,0,0,0,0,0,1,0,0,0,1,0,0,0,0,0,0,0,0,0,0,0,0,0,0,0,0,0,0,0,0,0,0,12,26,0,0,13,46,0,0,0,0,0,18,5,0,0,4,0,0,0,0,0,0,0,0,0,0,0,-,-,-,-,-,-,12,0,3,0,0,0,0,0,0,0,0,15,6,0,21,0,0,0,0,1,0,0,0,0,0,0,0,0,0,0,0,0,0,0,0,0,0,3,0,0,0,0,0,0,0,0,0,1,0,0,0,0,0,0,0,0,0,0,0,0,3,0,1,0,0,0,0,0,0,0,0,0,0,0,0,0,0,0,0,0,0,1,0,0,0,0,0,0,0,0,0,0,0,0,0,0,0,4,71,9,7.888889,61,10,63,1,3,4
androdns,6,0,16,0,1816.0,0.0,4662,0,2,1,2,0,0,0,0,0,0,0,0,0,0,0,2,1,15,15,5,6,0,0,0,0,1,1,1,1,1,1,0,1,1,1,-,-,1,-,-,-,0,0,0,0,0,0,0,0,0,0,-,-,0,0,0,0,0,0,0,0,0,0,0,0,0,0,0,0,0,0,0,0,0,0,0,0,0,0,0,0,0,0,0,0,0,0,0,0,0,0,0,0,0,0,1,0,0,0,1,0,0,0,0,0,0,0,0,0,0,0,0,0,0,0,0,0,0,0,0,0,0,0,12,1,0,0,38,1,0,10,0,0,0,0,0,0,3,0,0,0,0,0,0,0,0,0,2,0,-,-,-,-,-,-,1,0,10,0,0,0,0,0,0,0,0,3,0,0,0,0,0,0,0,0,0,0,0,0,0,0,0,0,0,0,0,0,0,0,0,0,0,3,0,0,0,0,0,0,0,0,0,0,0,0,0,0,0,0,0,0,0,0,0,0,0,0,0,0,0,0,0,0,0,0,0,0,0,0,0,0,0,0,0,0,0,0,0,0,0,0,0,0,0,0,0,0,0,0,0,0,0,0,17,4,4.25,17,0,14,0,3,0
aelf-dailyreadings,16,6,97,1,10377.0,9.0,32676,42,11,1,3,0,1,0,0,0,0,0,0,0,0,0,4,2,27,34,12,13,0,0,0,0,1,1,1,1,1,1,0,1,1,1,-,-,1,-,-,-,0,0,0,0,0,0,0,0,0,0,-,-,0,0,0,0,0,0,0,0,0,0,0,0,0,0,0,0,0,0,0,0,0,0,0,0,0,0,0,0,0,0,0,0,0,0,0,0,0,0,0,0,0,0,1,0,0,0,1,0,0,0,0,0,0,1,0,0,0,0,0,0,0,0,0,0,0,0,0,0,0,4,11,0,0,5,5,1,2,0,0,0,0,1,0,0,0,2,0,0,0,0,0,0,0,1,0,0,-,-,-,-,-,-,0,0,0,0,0,0,0,0,0,0,0,12,3,0,5,0,0,0,0,0,0,0,0,0,0,0,0,0,0,0,0,0,0,0,0,0,0,0,0,0,0,0,0,0,0,0,0,1,0,0,0,0,0,0,0,0,0,0,0,3,0,0,0,0,0,0,0,0,0,0,0,0,0,0,0,0,0,0,0,0,0,0,0,0,0,0,0,0,0,0,0,0,0,0,0,0,0,2,26,2,13.0,20,6,24,0,0,2
mundraub-android,27,19,102,17,10712.0,1806.0,45864,6342,20,5,2,0,3,0,0,0,0,0,0,0,0,0,8,1,2,6,11,23,0,0,0,0,0,0,0,0,0,0,0,1,1,1,-,-,1,-,-,-,0,0,0,0,0,0,0,0,0,0,-,-,0,0,0,0,0,0,0,0,0,0,0,0,0,0,0,0,0,0,0,0,1,0,0,0,0,0,0,0,0,0,0,0,0,0,0,0,0,0,0,0,0,0,1,0,0,1,1,1,0,0,1,1,0,1,1,1,0,0,0,1,0,0,0,0,0,0,0,0,0,2,48,2,0,1,70,34,5,13,0,15,8,5,0,0,0,4,0,0,0,0,0,0,0,1,0,0,-,-,-,-,-,-,0,0,11,0,0,0,0,0,3,0,0,17,0,0,8,0,0,0,0,0,1,0,0,0,0,0,0,0,0,0,0,0,0,0,0,0,0,4,0,0,0,0,0,0,0,0,0,0,0,0,0,0,0,0,0,0,0,0,0,0,0,0,0,0,0,0,0,0,0,0,0,0,0,0,0,0,0,0,0,0,0,0,0,0,0,1,0,0,0,0,0,0,0,0,0,0,0,3,48,16,3.0,44,4,40,0,5,3
privacy-friendly-dame,7,12,18,2,2195.0,73.0,6384,210,4,2,2,0,2,0,0,0,0,0,0,0,0,0,3,2,5,16,6,17,0,0,0,0,0,1,1,1,1,0,0,1,1,1,-,-,1,-,-,-,0,0,0,0,0,0,0,0,0,0,-,-,0,0,0,0,0,0,0,0,0,0,0,0,0,0,0,0,0,0,0,0,0,0,0,0,0,0,0,0,0,0,0,0,0,0,0,0,0,0,0,0,0,0,0,0,0,1,1,0,0,0,0,0,0,1,0,0,0,0,0,0,0,0,0,0,0,0,0,0,0,0,18,0,0,10,21,4,0,0,0,0,10,0,1,0,0,0,0,0,0,0,0,0,0,0,0,0,-,-,-,-,-,-,0,0,0,0,0,0,0,0,0,0,0,12,10,0,9,0,0,0,0,0,0,0,0,0,0,0,0,0,0,0,0,0,0,0,0,0,0,0,0,0,0,0,0,0,0,0,0,0,0,0,0,0,0,0,0,0,0,0,0,1,1,0,2,0,0,0,0,0,0,0,0,0,0,0,0,0,0,0,0,0,0,0,0,0,0,0,0,0,0,0,0,0,0,0,0,0,0,0,35,7,5.0,31,4,35,0,0,0
hacs,15,10,35,1,2754.0,9.0,8862,42,12,1,2,0,0,0,0,0,0,0,0,0,0,0,2,1,20,18,8,13,0,0,0,0,1,1,1,1,1,1,0,1,1,1,-,-,1,-,-,-,0,0,0,0,0,0,0,0,0,0,-,-,0,0,0,0,0,0,0,0,0,0,0,0,0,0,0,0,0,0,0,0,1,0,0,0,0,0,0,0,0,0,0,0,0,0,0,0,0,0,0,0,0,0,1,0,0,0,1,0,0,0,0,0,0,1,0,0,0,0,0,0,0,0,0,0,0,0,0,0,0,1,14,0,0,9,29,17,0,0,0,0,2,2,0,0,1,0,0,0,0,0,0,0,0,1,0,0,-,-,-,-,-,-,0,0,1,0,0,0,0,0,0,0,0,2,6,0,0,0,0,0,0,0,0,0,0,0,0,0,0,0,0,0,0,0,0,0,0,0,0,1,0,0,0,0,0,0,0,0,0,1,0,0,0,0,0,0,0,0,0,0,0,0,1,0,0,0,0,0,0,0,0,0,0,0,0,0,0,0,0,0,0,0,0,0,0,0,0,0,0,0,0,0,0,0,0,0,0,0,0,0,12,5,2.4,10,2,11,0,1,0
download-navi,32,26,141,16,17189.0,1793.0,55776,3822,29,8,2,0,3,0,0,0,0,0,0,0,0,0,26,1,8,75,40,35,0,0,0,0,0,1,1,1,1,1,0,1,1,1,-,-,1,-,-,-,0,0,0,0,0,0,0,0,0,0,-,-,0,0,0,0,0,0,0,0,0,0,0,0,0,0,0,0,0,0,0,0,0,0,0,0,0,0,0,0,0,0,0,0,0,0,0,0,0,0,0,0,0,0,1,0,0,0,1,1,0,0,0,0,0,1,1,0,1,0,0,0,0,0,0,0,0,0,0,0,0,6,20,0,0,23,48,0,0,6,0,0,8,2,0,0,1,1,0,0,0,0,0,0,0,0,0,0,-,-,-,-,-,-,20,0,15,0,0,0,0,0,0,0,0,34,2,0,1,0,0,0,0,0,0,0,0,0,0,1,0,0,0,0,0,0,0,0,0,0,0,14,0,0,0,0,1,0,0,0,0,3,0,0,0,0,0,0,0,0,0,0,0,2,1,0,0,0,0,0,0,0,0,0,0,0,0,0,0,0,0,0,0,0,0,0,0,0,0,0,0,0,0,0,0,0,0,0,0,0,0,3,97,12,8.083333,87,10,79,1,14,3
android-gotify,22,9,65,7,5341.0,243.0,21630,1596,16,2,3,0,2,0,0,0,0,0,0,0,0,0,3,1,6,10,8,10,0,0,0,0,0,1,1,1,1,1,0,1,1,1,-,-,1,-,-,-,0,0,0,0,0,0,0,0,0,0,-,-,0,0,0,0,0,0,0,0,0,0,0,0,0,0,0,0,0,0,0,0,0,0,0,0,0,0,0,0,0,0,0,0,0,0,0,0,0,0,0,0,0,0,1,0,0,0,1,1,0,0,0,1,0,1,0,0,0,0,0,0,0,0,0,0,0,0,0,0,0,1,5,0,0,0,10,6,0,1,0,0,4,2,0,0,1,0,0,0,0,0,0,0,0,0,0,0,-,-,-,-,-,-,5,0,6,0,0,0,0,1,0,0,0,3,4,0,6,0,0,0,0,0,0,0,0,0,0,0,0,0,0,0,0,0,0,0,0,0,0,6,0,0,0,0,0,0,0,0,0,1,0,0,0,0,0,0,0,0,0,0,0,0,0,0,0,0,0,0,0,0,0,0,0,0,0,0,0,0,0,0,0,0,0,0,0,0,0,0,0,0,0,0,0,0,0,0,0,0,0,1,33,6,5.5,31,2,26,0,6,1
hauk,28,16,110,4,5250.0,121.0,19404,378,25,1,2,0,2,0,0,0,0,0,0,0,0,0,15,1,15,25,18,5,0,0,0,0,1,1,1,1,1,1,0,1,1,1,-,-,1,-,-,-,0,0,0,0,0,0,0,0,0,0,-,-,0,0,0,0,0,0,0,0,0,0,0,0,0,0,0,0,0,0,0,0,1,0,0,0,0,0,0,0,0,0,0,0,0,0,0,0,0,0,0,0,0,0,1,0,0,0,0,0,0,0,0,1,0,1,0,1,0,0,0,0,0,0,0,0,0,0,0,0,0,1,9,3,0,0,22,7,0,2,0,0,1,0,0,0,2,0,0,0,0,0,0,0,0,0,0,0,-,-,-,-,-,-,1,0,3,0,0,0,0,0,0,0,0,1,7,0,2,0,0,0,0,0,0,1,0,0,0,0,0,0,0,0,0,0,0,0,0,0,0,0,3,0,0,0,0,0,0,0,0,0,0,0,2,0,0,0,0,0,0,0,0,0,1,0,0,0,0,0,0,0,0,0,0,0,0,0,0,0,0,0,0,0,0,0,0,0,0,1,0,0,0,0,0,0,0,0,0,0,0,0,22,3,7.3333335,18,4,18,0,4,0
siteswap_generator,4,9,38,10,5457.0,276.0,18270,714,3,3,2,0,0,0,0,0,0,0,0,0,0,0,1,1,1,0,6,14,0,0,0,0,0,0,0,0,0,0,0,1,1,1,-,-,1,-,-,-,0,0,0,0,0,0,0,0,0,0,-,-,0,0,0,0,0,0,0,0,0,0,0,0,0,0,0,0,0,0,0,0,0,0,0,0,0,0,0,0,0,0,0,0,0,0,0,0,0,0,0,0,0,0,1,0,0,0,1,0,0,0,0,0,0,1,0,0,0,0,0,0,0,0,0,0,0,0,0,0,0,0,24,5,0,0,39,6,9,9,0,0,0,0,0,0,3,0,0,0,0,0,0,0,0,4,3,0,-,-,-,-,-,-,0,0,18,0,0,0,0,0,0,0,0,0,0,0,3,0,0,0,0,0,0,0,0,0,0,0,0,0,0,0,0,0,0,0,0,0,0,0,0,0,0,0,0,0,0,0,0,0,0,0,0,0,0,0,0,0,0,0,0,0,0,0,1,0,0,0,0,0,0,0,0,0,0,0,0,0,0,0,0,0,0,0,0,0,0,0,0,0,0,0,0,0,0,0,0,0,0,0,22,5,4.4,21,1,22,0,0,0
sdbviewer,9,13,14,2,1454.0,67.0,5502,168,6,2,2,0,2,0,0,0,0,0,0,0,0,0,1,2,1,1,5,7,0,0,0,0,0,0,0,0,0,0,0,1,1,1,-,-,1,-,-,-,0,0,0,0,0,0,0,0,0,0,-,-,0,0,0,0,0,0,0,0,0,0,0,0,0,0,0,0,0,0,0,0,0,0,0,0,0,0,0,0,0,0,0,0,0,0,0,0,0,0,0,0,0,0,1,0,0,0,1,1,0,0,0,1,0,1,0,0,0,0,0,0,0,0,1,1,0,0,0,0,0,2,3,0,0,0,5,0,0,0,0,0,0,1,0,0,0,0,0,0,0,0,0,0,0,0,0,0,-,-,-,-,-,-,0,0,0,0,0,0,0,0,0,0,0,0,2,0,2,0,0,0,0,0,0,0,0,0,0,0,0,0,0,0,0,0,0,0,0,0,0,0,0,0,0,0,0,0,0,0,0,0,0,0,0,0,0,0,0,0,0,0,0,0,0,0,0,0,0,0,0,0,0,0,0,0,0,0,0,0,0,0,0,0,0,0,0,0,0,0,0,0,0,0,0,0,0,0,0,0,0,1,5,5,1.0,4,1,4,0,0,1
syncthing-android-fdroid,14,1,95,0,15940.0,0.0,35322,0,10,1,3,0,1,0,0,0,0,0,0,0,0,0,46,1,36,23,54,41,0,0,0,0,1,1,1,1,1,1,0,1,1,1,-,-,1,-,-,-,0,0,0,0,0,0,0,0,0,0,-,-,0,0,0,0,0,0,0,0,0,0,0,0,0,0,0,0,0,0,0,0,1,0,0,0,0,0,0,0,0,0,0,0,0,0,0,0,0,0,0,0,0,0,1,1,0,1,1,0,0,0,0,0,0,0,0,0,0,0,0,0,0,0,0,0,0,0,0,0,0,3,61,0,0,23,111,17,0,0,0,0,10,4,0,0,4,1,0,0,0,0,0,0,0,0,2,0,-,-,-,-,-,-,22,0,9,0,0,0,0,0,0,0,0,44,32,0,41,0,0,0,0,0,0,0,0,0,0,2,1,1,0,0,0,0,0,0,0,0,0,13,0,0,1,0,1,0,0,0,0,1,0,0,0,0,0,0,0,0,0,0,0,0,4,0,1,0,0,0,0,0,0,0,0,0,0,0,0,0,0,0,0,0,0,0,0,0,4,0,0,0,0,0,1,0,0,0,0,0,0,2,180,17,10.588235,166,14,155,4,17,4
trekarta,78,12,538,4,128511.0,452.0,307566,966,106,1,2,0,3,0,0,0,0,0,0,0,0,0,10,2,44,128,28,43,0,0,0,0,1,1,1,1,1,1,0,1,1,1,-,-,1,-,-,-,0,0,0,0,0,0,0,0,0,0,-,-,0,0,0,0,0,0,0,0,0,0,0,0,0,0,0,1,0,0,0,0,1,0,0,0,0,0,0,0,0,0,0,0,0,0,0,0,0,0,0,0,0,0,1,1,0,1,1,0,0,0,0,0,0,1,0,1,0,0,0,1,0,0,0,0,0,0,0,0,0,18,43,5,2,17,127,2,0,2,2,0,35,2,1,0,0,0,0,0,0,0,0,0,0,0,5,0,-,-,-,-,-,-,1,0,5,0,0,0,0,0,0,0,0,45,54,0,7,0,0,0,0,0,0,0,0,0,0,0,0,0,0,0,0,0,0,0,0,0,0,5,0,0,0,0,0,0,0,9,0,17,0,0,1,0,0,0,0,0,0,0,0,5,0,0,7,0,0,0,0,0,0,0,0,0,0,0,0,0,0,0,0,0,0,0,0,0,1,2,0,0,0,0,0,0,0,0,0,0,0,1,160,3,53.333332,117,43,151,0,8,1
privacy-friendly-finance-manager,15,5,74,1,4985.0,9.0,18396,42,12,1,2,0,0,0,0,0,0,0,0,0,0,0,4,1,1,15,8,33,0,0,0,0,0,0,0,0,0,0,0,1,1,1,-,-,1,-,-,-,0,0,0,0,0,0,0,0,0,0,-,-,0,0,0,0,0,0,0,0,0,0,0,0,0,0,0,0,0,0,0,0,0,0,0,0,0,0,0,0,0,0,0,0,0,0,0,0,0,0,0,0,0,0,1,0,0,0,1,0,0,0,0,0,0,1,0,0,0,0,0,0,0,0,0,0,0,0,0,0,0,0,15,0,0,14,78,2,4,0,0,0,19,1,0,0,4,0,0,0,0,0,0,0,0,2,0,0,-,-,-,-,-,-,6,0,8,0,0,0,0,0,0,0,0,15,26,0,51,0,0,0,0,0,0,0,0,0,0,0,0,0,0,0,0,0,0,0,0,0,0,7,0,0,0,0,0,0,0,0,0,0,0,0,0,0,0,0,0,0,0,0,0,1,3,0,1,0,0,0,0,0,0,0,0,0,0,0,0,0,0,0,0,0,0,0,0,0,0,1,0,0,0,0,0,0,0,0,0,0,0,5,124,11,11.272727,113,11,111,0,8,5
pdfviewer,4,12,12,2,1279.0,24.0,4116,84,2,2,2,0,2,0,0,0,0,0,0,0,0,0,5,1,2,19,7,3,0,0,0,0,0,0,0,0,0,0,0,1,1,1,-,-,1,-,-,-,0,0,0,0,0,0,0,0,0,0,-,-,0,0,0,0,0,0,0,0,0,0,0,0,0,0,0,0,0,0,0,0,0,0,0,0,0,0,0,0,0,0,0,0,0,0,0,0,0,0,0,0,0,0,0,0,0,0,1,0,0,0,0,0,0,1,0,0,0,0,0,0,0,0,0,0,0,0,0,0,0,0,2,0,0,0,12,0,0,0,0,0,1,0,0,0,0,0,0,0,0,0,0,0,0,0,0,0,-,-,-,-,-,-,0,0,0,0,0,0,0,0,0,0,0,10,2,0,12,0,0,0,0,0,0,0,0,0,0,0,0,0,0,0,0,0,0,0,0,0,0,0,0,0,0,0,0,0,0,0,0,0,0,0,1,0,0,0,0,0,0,0,0,1,0,0,0,0,0,0,0,0,0,0,0,0,0,0,0,0,0,0,0,0,0,0,0,0,0,0,0,0,0,0,0,0,0,0,0,0,0,0,26,7,3.7142856,24,2,26,0,0,0
darkcroc-android-theme,5,0,6,0,310.0,0.0,840,0,2,1,2,0,0,0,0,0,0,0,0,0,0,0,59,1,103,90,129,2,0,0,0,0,0,1,1,1,1,1,1,1,1,1,-,-,1,-,-,-,0,0,0,0,0,0,0,0,0,0,-,-,0,0,0,0,0,0,0,0,0,0,0,0,0,0,0,0,0,0,0,0,0,0,0,0,0,0,0,0,0,0,0,0,0,0,0,0,0,0,0,0,0,0,0,0,0,0,0,0,0,0,0,0,0,0,0,0,0,0,0,0,0,0,0,0,0,0,0,0,0,0,2,0,0,0,0,1,0,0,0,0,0,0,0,0,0,2,0,0,0,0,0,0,0,0,0,0,-,-,-,-,-,-,0,0,0,0,0,0,0,0,0,0,0,0,0,0,0,0,0,0,0,0,0,0,0,0,0,0,0,0,0,0,0,0,0,0,0,0,0,0,0,0,0,0,0,0,0,0,0,0,0,0,0,0,0,0,0,0,0,0,0,2,0,0,0,0,0,0,0,0,0,0,0,0,0,0,0,0,0,0,0,0,0,0,0,0,0,0,0,0,0,0,0,0,0,0,0,0,0,0,2,2,1.0,0,2,2,0,0,0
selfnet-wificonfig,4,0,2,0,290.0,0.0,504,0,2,1,2,0,0,0,0,0,0,0,0,0,0,0,2,1,5,0,3,2,0,0,0,0,0,1,1,1,1,1,0,1,1,1,-,-,1,-,-,-,0,0,0,0,0,0,0,0,0,0,-,-,0,0,0,0,0,0,0,0,0,0,0,0,0,0,0,0,0,0,0,0,0,0,0,0,0,0,0,0,0,0,0,0,0,0,0,0,0,0,0,0,0,0,1,0,0,0,1,0,0,0,0,0,0,0,0,0,0,0,0,0,0,0,0,0,0,0,0,0,0,0,3,0,0,0,6,1,0,0,0,0,1,0,0,0,0,0,0,0,0,0,0,0,0,0,0,0,-,-,-,-,-,-,1,0,2,0,0,0,0,0,0,0,0,1,1,0,1,0,0,0,0,0,0,0,0,0,0,0,0,0,0,0,0,0,0,0,0,0,0,2,0,0,0,0,0,0,0,0,0,0,0,0,0,0,0,0,0,0,0,0,0,0,0,0,0,0,0,0,0,0,0,0,0,0,0,0,0,0,0,0,0,0,0,0,0,0,0,0,0,0,0,0,0,0,0,0,0,0,0,0,8,2,4.0,8,0,6,0,2,0
safeprice,4,0,4,0,407.0,0.0,1134,0,2,1,2,0,0,0,0,0,0,0,0,0,0,0,6,1,5,0,9,1,0,0,0,0,0,1,1,1,1,1,0,1,1,1,-,-,1,-,-,-,0,0,0,0,0,0,0,0,0,0,-,-,0,0,0,0,0,0,0,0,0,0,0,0,0,0,0,0,0,0,0,0,0,0,0,0,0,0,0,0,0,0,0,0,0,0,0,0,0,0,0,0,0,0,1,0,0,0,1,0,0,0,0,0,0,0,0,0,0,0,0,0,0,0,0,0,0,0,0,0,0,0,1,0,0,0,0,0,0,0,0,0,0,0,0,0,0,0,0,0,0,0,0,0,0,0,0,0,-,-,-,-,-,-,0,0,0,0,0,0,0,0,0,0,0,0,0,0,0,0,0,0,0,0,0,0,0,0,0,0,0,0,0,0,0,0,0,0,0,0,0,0,0,0,0,0,0,0,0,0,0,0,0,0,0,0,0,0,0,0,0,0,0,0,0,0,0,0,0,0,0,0,0,0,0,0,0,0,0,0,0,0,0,0,0,0,0,0,0,0,0,0,0,0,0,0,0,0,0,0,0,0,0,1,0.0,0,0,0,0,0,0
privacy-friendly-interval-timer,14,0,35,0,3964.0,0.0,12432,0,11,1,2,0,0,0,0,0,0,0,0,0,0,0,3,2,21,44,7,38,0,0,0,0,1,1,1,1,1,1,0,1,1,1,-,-,1,-,-,-,0,0,0,0,0,0,0,0,0,0,-,-,0,0,0,0,0,0,0,0,0,0,0,0,0,0,0,0,0,0,0,0,0,0,0,0,0,0,0,0,0,0,0,0,0,0,0,0,0,0,0,0,0,0,1,1,0,0,1,0,0,0,0,0,0,0,0,0,0,0,0,0,0,0,0,0,0,0,0,0,0,3,63,2,0,27,90,10,0,0,2,0,18,2,0,0,0,0,0,0,0,0,0,0,0,0,0,0,-,-,-,-,-,-,1,0,6,0,0,0,0,0,0,0,0,34,74,0,70,0,0,0,0,0,0,0,0,0,0,0,0,0,0,0,0,0,0,0,0,0,0,0,0,0,0,0,0,0,0,0,0,0,0,0,0,0,0,0,0,0,0,0,0,1,2,0,1,0,0,0,0,0,0,0,0,0,0,0,0,0,0,0,0,0,0,0,0,0,0,0,0,0,0,0,0,0,0,0,0,0,0,2,191,9,21.222221,185,6,189,0,0,2
secure-quick-reliable-login,16,14,58,5,8012.0,492.0,18900,1638,10,2,2,0,3,0,0,0,0,0,0,0,0,0,32,2,3,43,37,51,0,0,0,0,0,0,0,0,0,0,0,1,1,1,-,-,1,-,-,-,0,0,0,0,0,0,0,0,0,0,-,-,0,0,0,0,0,0,0,0,0,0,0,0,0,0,0,0,0,0,0,0,0,0,0,0,0,0,0,0,0,0,0,0,0,0,0,0,0,0,0,0,0,0,1,0,0,1,1,0,0,0,0,1,0,1,0,0,0,0,0,1,0,0,0,0,0,0,0,0,0,1,8,0,0,1,74,66,8,5,0,0,41,3,0,0,0,0,0,0,0,0,0,0,0,2,0,0,-,-,-,-,-,-,25,0,28,0,0,0,0,0,0,0,0,35,52,0,32,0,0,0,0,0,0,0,0,3,0,25,0,0,0,0,0,0,0,0,0,0,0,28,0,0,0,0,0,0,0,0,0,0,0,0,0,0,0,0,0,0,0,0,0,1,1,0,3,0,0,0,0,0,0,0,0,0,0,1,0,0,0,0,0,0,0,0,0,0,1,3,0,0,0,0,0,0,0,0,0,0,0,1,239,31,7.709677,228,11,177,29,32,1
simple-keyboard,14,0,104,0,14107.0,0.0,48552,0,10,1,2,0,0,0,0,0,0,0,0,0,0,0,88,1,7,38,124,7,0,0,0,0,0,1,1,1,1,1,0,1,1,1,-,-,1,-,-,-,0,0,0,0,0,0,0,0,0,0,-,-,0,0,0,0,0,0,0,0,0,0,0,0,0,0,0,0,0,0,0,0,0,0,0,0,0,0,0,0,0,0,0,0,0,0,0,0,0,0,0,0,0,0,1,0,0,1,1,0,0,0,0,0,0,0,0,0,0,0,0,0,0,0,0,0,0,0,0,0,0,0,9,0,0,0,4,0,1,0,0,0,0,0,4,0,2,0,0,0,0,0,0,0,0,0,0,0,-,-,-,-,-,-,0,0,0,0,0,0,0,0,0,0,0,0,0,0,2,0,0,0,0,0,0,0,0,0,0,0,0,0,0,0,0,0,0,0,0,0,0,0,0,0,0,0,0,0,0,12,0,8,0,0,0,0,0,0,0,0,0,0,0,2,2,0,3,3,0,0,0,0,0,0,0,0,0,0,0,0,0,0,0,0,0,0,0,0,0,0,0,0,0,0,0,0,0,0,0,0,0,0,32,1,32.0,2,30,32,0,0,0
mediclog,4,0,7,0,754.0,0.0,2562,0,2,1,2,0,0,0,0,0,0,0,0,0,0,0,1,2,0,0,2,5,0,0,0,0,0,0,0,0,0,0,0,1,1,1,-,-,1,-,-,-,0,0,0,0,0,0,0,0,0,0,-,-,0,0,0,0,0,0,0,0,0,0,0,0,0,0,0,0,0,0,0,0,0,0,0,0,0,0,0,0,0,0,0,0,0,0,0,0,0,0,0,0,0,0,0,0,0,0,0,0,0,0,0,0,0,0,0,0,0,0,0,0,0,0,0,0,0,0,0,0,0,0,27,0,0,3,13,28,0,0,0,0,0,0,0,0,0,0,0,0,0,0,0,0,0,0,0,0,-,-,-,-,-,-,0,0,12,0,0,0,0,0,0,0,0,0,0,0,0,0,0,0,0,0,0,0,0,0,0,0,0,0,0,0,0,0,0,0,0,0,0,0,0,0,0,0,0,0,0,0,0,0,0,0,0,0,0,0,0,0,0,0,0,0,1,0,0,0,0,0,0,0,0,0,0,0,0,0,0,0,0,0,0,0,0,0,0,0,0,0,0,0,0,0,0,0,0,0,0,0,0,0,13,6,2.1666667,12,1,13,0,0,0
ltecleanerfoss,3,10,5,2,486.0,104.0,1722,420,2,2,2,0,2,0,0,0,0,0,0,0,0,0,11,1,16,7,16,5,0,0,0,0,1,1,1,1,1,1,0,1,1,1,-,-,1,-,-,-,0,0,0,0,0,0,0,0,0,0,-,-,0,0,0,0,0,0,0,0,0,0,0,0,0,0,0,0,0,0,0,0,0,0,0,0,0,0,0,0,0,0,0,0,0,0,0,0,0,0,0,0,0,0,0,1,0,0,1,0,0,0,0,0,0,1,0,0,0,0,0,0,0,0,0,0,0,0,0,0,0,0,1,0,0,0,5,1,0,0,0,0,0,1,0,0,0,0,0,0,0,0,0,0,0,0,2,0,-,-,-,-,-,-,0,0,0,0,0,0,0,0,0,0,0,4,6,0,4,0,0,0,0,0,0,0,0,0,0,0,0,0,0,0,0,0,0,0,0,0,0,0,0,0,0,0,0,0,0,0,0,0,0,0,0,0,0,0,0,0,0,0,0,0,2,0,0,0,0,0,0,0,0,0,0,0,0,0,0,0,0,0,0,0,0,0,0,0,0,0,0,0,0,0,0,0,0,0,0,0,0,0,16,5,3.2,14,2,16,0,0,0
simply-pace,7,12,15,2,717.0,24.0,3150,84,4,2,2,0,2,0,0,0,0,0,0,0,0,0,5,1,15,4,13,9,0,0,0,0,1,1,1,1,1,1,0,1,1,1,-,-,1,-,-,-,0,0,0,0,0,0,0,0,0,0,-,-,0,0,0,0,0,0,0,0,0,0,0,0,0,0,0,0,0,0,0,0,0,0,0,0,0,0,0,0,0,0,0,0,0,0,0,0,0,0,0,0,0,0,0,0,0,0,1,0,0,0,0,0,0,1,0,0,0,0,0,0,0,0,0,0,0,0,0,0,0,0,2,0,0,1,2,0,0,0,0,0,1,0,0,0,0,2,0,0,0,0,0,0,0,0,0,0,-,-,-,-,-,-,0,0,0,0,0,0,0,0,0,0,0,2,0,0,0,0,0,0,0,0,0,0,0,0,0,0,0,0,0,0,0,0,0,0,0,0,0,0,0,0,0,0,0,0,0,0,0,0,0,0,0,0,0,0,0,0,0,2,0,0,0,0,0,0,0,0,0,0,0,0,0,0,0,0,0,0,0,0,0,0,0,0,0,0,0,0,0,0,0,0,0,0,0,0,0,0,0,1,5,3,1.6666666,2,3,4,0,0,1
diaguard,102,41,408,46,35424.0,2402.0,100128,7308,94,25,3,0,2,0,0,0,0,0,0,0,0,0,16,1,22,28,35,64,0,0,0,0,0,1,1,1,1,1,0,1,1,1,-,-,1,-,-,-,0,0,0,0,0,0,0,0,0,0,-,-,0,0,0,0,0,0,0,0,0,0,0,0,0,0,0,0,0,0,0,0,0,0,0,0,0,0,0,0,0,0,0,0,0,0,0,0,0,0,0,0,0,0,1,1,0,1,1,0,0,0,1,1,0,1,1,1,0,0,0,1,0,0,0,0,0,0,0,0,0,17,94,3,0,0,99,7,0,0,0,0,45,4,0,0,5,0,0,0,0,0,0,0,0,0,1,0,-,-,-,-,-,1,52,0,19,0,0,0,0,0,0,0,0,37,56,0,15,0,0,0,0,0,0,0,3,0,0,0,0,0,0,0,0,0,0,0,0,0,0,18,0,0,0,0,3,0,0,4,0,2,0,0,2,0,0,0,0,0,0,0,0,8,13,0,2,0,0,0,0,0,0,0,0,0,0,0,0,0,0,0,0,0,0,0,0,0,0,8,0,0,0,0,0,0,0,0,0,0,0,14,256,15,17.066668,200,56,213,3,26,14
wifisetup,4,0,1,0,330.0,0.0,378,0,1,1,2,0,0,0,0,0,0,0,0,0,0,0,1,1,4,1,2,1,0,0,0,0,1,1,1,0,0,0,0,1,1,1,-,-,1,-,-,-,0,0,0,0,0,0,0,0,0,0,-,-,0,0,0,0,0,0,0,0,0,0,0,0,0,0,0,0,0,0,0,0,0,0,0,0,0,0,0,0,0,0,0,0,0,0,0,0,0,0,0,0,0,0,1,0,0,0,1,0,0,0,0,0,0,0,0,0,0,0,0,0,0,0,0,0,0,0,0,0,0,0,3,0,0,0,5,1,0,1,0,0,1,0,0,0,1,0,0,0,0,0,0,0,0,0,0,0,-,-,-,-,-,-,1,0,2,0,0,0,0,0,0,0,0,0,0,0,1,0,0,0,0,0,0,0,0,0,0,0,0,0,0,0,0,0,0,0,0,0,0,2,0,0,0,0,0,0,0,0,0,0,0,0,0,0,0,0,0,0,0,0,0,0,0,0,0,0,0,0,0,0,0,0,0,0,0,0,0,0,0,0,0,0,0,0,0,0,0,0,0,0,0,0,0,0,0,0,0,0,0,0,6,1,6.0,6,0,4,0,2,0
archpackages,15,0,39,0,2317.0,0.0,8610,0,11,1,2,0,0,0,0,0,0,0,0,0,0,0,3,1,2,3,10,23,0,0,0,0,0,0,0,0,0,0,0,1,1,1,-,-,1,-,-,-,0,0,0,0,0,0,0,0,0,0,-,-,0,0,0,0,0,0,0,0,0,0,0,0,0,0,0,0,0,0,0,0,0,0,0,0,0,0,0,0,0,0,0,0,0,0,0,0,0,0,0,0,0,0,1,0,0,0,1,0,0,0,0,0,0,0,0,0,0,0,0,0,0,0,0,0,0,0,0,0,0,2,15,0,0,0,49,1,6,9,0,0,0,2,0,0,0,0,0,0,0,0,0,0,0,2,0,0,-,-,-,-,-,-,0,0,1,0,0,0,0,0,0,0,0,22,7,0,0,0,0,0,0,0,0,0,0,0,0,0,0,0,0,0,0,0,0,0,0,0,0,1,0,0,0,0,0,0,0,0,0,0,0,0,0,0,0,0,0,0,0,0,0,0,0,0,0,0,0,0,0,0,0,0,0,0,0,0,0,0,0,0,0,0,0,0,0,0,0,0,0,0,0,0,0,0,0,0,0,0,0,3,34,1,34.0,31,3,30,0,1,3
unicodepad,5,0,21,0,4632.0,0.0,8946,0,2,1,2,0,0,0,0,0,0,0,0,0,0,0,5,1,5,0,10,4,0,0,0,0,1,1,1,1,1,0,0,1,1,1,-,-,1,-,-,-,0,0,0,0,0,0,0,0,0,0,-,-,0,0,0,0,0,0,0,0,0,0,0,0,0,0,0,0,0,0,0,0,0,0,0,0,0,0,0,0,0,0,0,0,0,0,0,0,0,0,0,0,0,0,1,0,0,0,1,0,0,0,0,0,0,0,0,0,0,0,0,0,0,0,0,0,0,0,0,0,0,1,7,0,0,0,3,4,0,0,0,0,0,0,0,0,1,0,0,0,0,0,0,0,0,0,0,0,-,-,-,-,-,-,5,0,1,0,0,0,0,0,0,0,0,1,0,0,0,0,0,0,0,0,0,0,0,0,0,0,0,0,0,0,0,0,0,0,0,0,0,0,0,0,0,0,0,0,0,0,0,1,0,0,2,0,0,0,0,0,0,0,0,3,3,0,5,0,0,0,0,0,0,0,0,0,0,0,0,0,0,0,0,0,0,0,0,0,1,1,0,0,0,0,0,0,0,0,0,0,0,0,23,4,5.75,7,16,21,0,2,0
piwigo-android,28,21,80,8,4744.0,670.0,15708,2100,22,6,2,0,3,0,0,0,0,0,0,0,0,0,8,1,7,5,15,13,0,0,0,0,0,1,1,1,1,1,0,1,1,1,-,-,1,-,-,-,0,0,0,0,0,0,0,0,0,0,-,-,0,0,0,0,0,0,0,0,0,0,0,0,0,0,0,0,0,0,0,0,0,0,0,0,0,0,0,0,0,0,0,0,0,0,0,0,0,0,0,0,0,0,1,0,0,0,0,0,0,0,0,1,0,1,1,1,0,0,0,1,1,0,0,1,0,0,0,0,0,4,9,0,0,5,12,0,1,0,0,0,6,0,0,0,0,0,0,0,0,0,0,0,0,1,0,0,-,-,-,-,-,-,7,0,3,0,0,0,0,0,0,0,0,12,1,0,1,0,0,0,0,0,0,0,0,0,2,3,0,0,0,0,0,0,0,0,0,0,0,1,0,0,0,0,0,0,0,0,0,0,0,0,1,0,0,0,0,0,0,0,0,0,0,0,0,0,0,0,0,0,0,0,0,0,0,0,0,0,0,0,0,0,0,0,0,0,0,0,0,0,0,0,0,0,0,0,0,0,0,1,32,7,4.571429,30,2,25,5,1,1
kboard,4,5,11,1,1292.0,4.0,4200,0,2,1,2,0,0,0,0,0,0,0,0,0,0,0,3,1,5,3,9,5,0,0,0,0,0,1,1,1,1,0,0,1,1,1,-,-,1,-,-,-,0,0,0,0,0,0,0,0,0,0,-,-,0,0,0,0,0,0,0,0,0,0,0,0,0,0,0,0,0,0,0,0,0,0,0,0,0,0,0,0,0,0,0,0,0,0,0,0,0,0,0,0,0,0,0,0,0,0,1,0,0,0,0,0,0,0,0,0,0,0,0,0,0,0,0,0,0,0,0,0,0,1,1,0,0,0,2,0,0,0,0,0,0,0,0,0,0,0,0,0,0,0,0,0,0,0,0,0,-,-,-,-,-,-,0,0,1,0,0,0,0,0,0,0,0,0,0,0,0,0,0,0,0,0,0,0,0,0,0,0,0,0,0,0,0,0,0,0,0,0,0,1,0,0,0,0,0,0,0,0,0,0,0,0,0,0,0,0,0,0,0,0,0,1,0,0,1,0,0,0,0,0,0,0,0,0,0,0,0,0,0,0,0,0,0,0,0,0,0,0,0,0,0,0,0,0,0,0,0,0,0,1,5,2,2.5,2,3,3,0,1,1
funktrainer,7,2,23,1,2728.0,8.0,9660,42,5,1,2,0,0,0,0,0,0,0,0,0,0,0,4,1,5,3,7,16,0,0,0,0,1,1,1,1,0,0,0,1,1,1,-,-,1,-,-,-,0,0,0,0,0,0,0,0,0,0,-,-,0,0,0,0,0,0,0,0,0,0,0,0,0,0,0,0,0,0,0,0,0,0,0,0,0,0,0,0,0,0,0,0,0,0,0,0,0,0,0,0,0,0,1,0,0,0,1,0,0,0,0,1,0,1,0,0,0,0,0,0,0,0,0,0,0,0,0,0,0,1,24,0,0,2,35,6,4,0,0,0,0,8,0,0,0,0,0,0,0,0,0,0,0,1,4,0,-,-,-,-,-,-,0,0,1,0,0,0,0,0,0,0,0,1,3,0,4,0,0,0,0,0,0,0,0,0,0,0,0,0,0,0,0,0,0,0,0,0,0,1,0,0,0,0,0,0,0,0,0,1,0,0,0,0,0,0,0,0,0,0,0,0,2,0,0,0,0,0,0,0,0,0,0,0,0,0,0,0,0,0,0,0,0,0,0,0,0,0,0,0,0,0,0,0,0,0,0,0,0,0,13,9,1.4444444,10,3,12,0,1,0
light-android-launcher,5,0,7,0,614.0,0.0,2016,0,2,1,2,0,0,0,0,0,0,0,0,0,0,0,1,1,11,3,1,3,0,0,0,0,1,1,1,1,1,1,0,1,1,1,-,-,1,-,-,-,0,0,0,0,0,0,0,0,0,0,-,-,0,0,0,0,0,0,0,0,0,0,0,0,0,0,0,0,0,0,0,0,0,0,0,0,0,0,0,0,0,0,0,0,0,0,0,0,0,0,0,0,0,0,0,0,0,0,1,0,0,0,0,0,0,0,0,0,0,0,0,0,0,0,0,0,0,0,0,0,0,0,1,0,0,1,1,0,0,0,0,0,1,0,0,0,0,0,0,0,0,0,0,0,0,0,2,0,-,-,-,-,-,-,0,0,1,0,0,0,0,0,0,0,0,1,1,0,0,0,0,0,0,0,0,0,0,0,0,0,0,0,0,0,0,0,0,0,0,0,0,1,0,0,0,0,0,0,0,0,0,0,0,0,0,0,0,0,0,0,0,0,0,2,2,0,0,0,0,0,0,0,0,0,0,0,0,0,0,0,0,0,0,0,0,0,0,0,0,0,0,0,0,0,0,0,0,0,0,0,0,0,8,2,4.0,4,4,7,0,1,0
androidplanisphere,5,13,24,2,3443.0,236.0,8400,714,3,2,2,0,2,0,0,0,0,0,0,0,0,0,6,1,0,0,12,5,0,0,0,0,0,0,0,0,0,0,0,1,1,1,-,-,1,-,-,-,0,0,0,0,0,0,0,0,0,0,-,-,0,0,0,0,0,0,0,0,0,0,0,0,0,0,0,0,0,0,0,0,1,0,0,0,0,0,0,0,0,0,0,0,0,0,0,0,0,0,0,0,0,0,0,0,0,1,1,0,0,0,0,0,0,1,0,0,0,0,0,0,0,0,0,0,0,0,0,0,0,0,3,0,0,0,3,1,0,4,0,0,0,0,0,0,1,0,0,0,0,0,0,0,0,0,0,0,-,-,-,-,-,-,0,0,2,0,0,0,0,0,0,0,0,1,0,0,0,0,0,0,0,0,0,0,0,0,0,0,0,0,0,0,0,0,0,0,0,0,0,2,0,0,0,0,0,0,0,0,0,1,0,0,0,0,0,0,0,0,0,0,0,0,0,0,1,0,0,0,0,0,0,0,0,0,0,0,0,0,0,0,0,0,0,0,0,0,0,0,0,0,0,0,0,0,0,0,0,0,0,0,7,1,7.0,5,2,5,0,2,0
pslab-android,27,0,184,0,33235.0,0.0,78330,0,18,1,2,0,0,0,0,0,0,0,0,0,0,0,15,6,33,86,21,112,0,0,0,0,1,1,1,1,1,1,0,1,1,1,-,-,1,-,-,-,0,0,0,0,0,0,0,0,0,0,-,-,0,0,0,0,0,0,0,1,1,0,1,1,0,0,1,1,0,0,0,0,1,0,0,0,0,0,0,0,0,0,0,0,0,0,0,0,0,0,0,0,0,0,1,1,0,1,1,0,0,0,0,0,0,0,0,0,0,0,0,0,0,0,0,0,0,0,0,0,0,9,248,4,0,102,555,70,3,38,0,0,53,6,11,0,57,1,0,0,0,0,0,0,0,2,3,0,-,-,-,-,-,-,21,0,52,0,0,0,0,0,0,0,4,399,354,0,431,0,0,0,0,0,0,0,2,0,0,0,0,0,0,0,0,0,4,0,0,0,0,10,0,0,0,0,0,0,0,0,0,2,0,0,1,0,0,0,0,0,0,0,4,20,22,1,4,0,0,0,0,0,0,0,0,0,0,0,0,0,0,0,0,0,4,0,0,0,0,0,0,0,0,0,0,0,0,0,0,0,0,5,1336,34,39.294117,1277,59,1313,8,10,5
dsaassistant,5,6,7,6,1585.0,164.0,1764,504,2,2,2,0,0,0,0,0,0,0,0,0,0,0,2,1,1,1,5,7,0,0,0,0,0,0,0,0,0,0,0,1,1,1,-,-,1,-,-,-,0,0,0,0,0,0,0,0,0,0,-,-,0,0,0,0,0,0,0,0,0,0,0,0,0,0,0,0,0,0,0,0,0,0,0,0,0,0,0,0,0,0,0,0,0,0,0,0,0,0,0,0,0,0,0,0,0,0,0,0,0,0,0,1,0,1,0,0,0,0,0,1,0,0,0,0,0,0,0,0,0,0,39,0,0,0,36,25,0,0,0,0,12,0,7,0,2,0,0,0,0,0,0,0,0,0,1,0,-,-,-,-,-,-,12,0,14,0,0,0,0,0,0,0,0,24,41,0,73,0,0,0,0,0,0,0,0,0,0,12,0,0,0,0,0,0,0,0,0,0,0,14,0,0,0,0,0,0,0,0,0,0,0,0,3,0,0,0,0,0,0,0,0,0,3,0,0,0,0,0,0,0,0,0,0,0,0,0,0,0,0,0,0,0,0,0,0,0,0,1,0,0,0,0,0,0,0,0,0,0,0,0,197,7,28.142857,190,7,170,12,15,0
huewidgets,8,15,18,10,2484.0,640.0,5880,1470,7,4,2,0,2,0,0,0,0,0,0,0,0,0,1,1,1,3,5,7,0,0,0,0,0,0,0,0,0,0,0,1,1,1,-,-,1,-,-,-,0,0,0,0,0,0,0,0,0,0,-,-,0,0,0,0,0,0,0,0,0,0,0,0,0,0,0,0,0,0,0,0,0,0,0,0,0,0,0,0,0,0,0,0,0,0,0,0,0,0,0,0,0,0,1,0,0,1,1,0,0,0,1,1,0,1,0,1,0,0,0,1,0,0,0,1,0,0,0,0,0,0,5,0,0,1,3,2,0,0,0,0,2,3,0,0,0,0,0,0,0,0,0,0,0,0,2,0,-,-,-,-,-,-,2,0,1,0,0,0,0,1,0,0,0,1,0,0,0,0,0,0,0,0,0,0,0,0,0,0,0,0,0,0,0,0,0,0,0,0,0,1,0,0,0,0,0,0,0,0,0,0,0,0,0,0,0,0,0,0,0,0,0,0,0,0,0,0,0,0,0,0,0,0,0,0,0,0,0,0,0,0,0,0,0,0,0,0,0,0,0,0,0,0,0,0,0,0,0,0,0,0,6,4,1.5,6,0,5,0,1,0
planes,12,32,48,16,4237.0,511.0,19740,1512,4,1,2,0,33,0,0,0,0,0,0,0,0,0,2,5,4,1,6,6,0,0,0,0,1,1,0,1,0,0,0,1,1,1,-,-,1,-,-,-,0,0,0,0,0,0,0,0,0,0,-,-,1,1,0,0,1,0,0,0,0,0,0,0,0,0,0,0,0,0,0,0,0,0,0,0,0,0,0,0,0,0,0,0,0,0,0,1,0,1,1,0,0,0,0,0,0,1,1,0,0,0,1,0,0,1,0,0,0,0,0,0,0,0,0,0,0,0,0,0,0,0,4,0,0,2,6,3,0,0,0,0,0,0,0,0,0,0,0,0,0,0,0,0,0,0,0,0,-,-,-,-,-,-,0,0,0,0,0,0,0,0,0,0,0,4,0,0,9,0,0,0,0,0,0,0,0,0,0,0,0,0,0,0,0,0,0,0,0,0,0,0,0,0,0,0,0,0,0,0,0,0,0,0,0,0,0,0,0,0,0,0,0,2,0,0,6,0,0,0,0,0,0,0,0,0,0,0,0,0,0,0,0,0,0,1,0,0,0,0,0,0,0,0,0,0,0,0,0,0,0,0,22,1,22.0,13,9,21,1,0,0
shelter,8,12,23,2,3424.0,24.0,10794,84,5,2,2,0,2,0,0,0,0,0,0,0,0,0,4,1,1,8,7,5,0,0,0,0,0,0,0,0,0,0,0,1,1,1,-,-,1,-,-,-,0,0,0,0,0,0,0,0,0,0,-,-,0,0,0,0,0,0,0,0,0,0,0,0,0,0,0,0,0,0,0,0,0,0,0,0,0,0,0,0,0,0,0,0,0,0,0,0,0,0,0,0,0,0,1,0,0,1,1,0,0,0,0,0,0,1,0,0,0,0,0,0,0,0,0,0,0,0,0,0,0,1,0,0,0,0,3,0,0,0,0,0,1,1,0,0,0,0,0,0,0,0,0,0,0,0,0,0,-,-,-,-,-,-,0,0,0,0,0,0,0,0,0,0,0,1,3,0,1,0,0,0,0,0,0,0,0,0,0,0,0,0,0,0,0,0,0,0,0,0,0,0,0,0,0,0,0,0,0,0,0,0,0,0,0,0,0,0,0,0,0,0,0,0,0,0,0,0,0,0,0,0,0,0,0,0,0,0,0,0,0,0,0,0,0,0,0,0,0,0,0,0,0,0,0,0,0,0,0,0,0,1,6,4,1.5,5,1,5,0,0,1